legacy_node_id,node_id,pubchem_id,status
compound::(+)-3-Carene,compound::443156,443156,unique
compound::(+)-Camphene,compound::92221,92221,unique
compound::(+)-Dihydrocarveol,compound::89755,89755,unique
compound::(+)-Isomenthone,compound::70962,70962,unique
compound::(+)-Linalool,compound::67179,67179,unique
compound::(+)-Neomenthol,compound::439263,439263,unique
compound::(+)-Pulegone,compound::442495,442495,unique
compound::(+)-alpha-Terpineol,compound::442501,442501,unique
compound::(+)-alpha-phellandrene,compound::443160,443160,unique
compound::(+)-delta-Cadinene,compound::441005,441005,unique
compound::(+)-gamma-Gurjunene,compound::15560285,15560285,unique
compound::(+)-gamma-cadinene,compound::6432404,6432404,unique
compound::(+)-isodihydrocarvone,compound::443167,443167,unique
compound::(+)-trans-Limonene oxide,compound::449290,449290,unique
compound::(-)-Borneol,compound::1201518,1201518,unique
compound::(-)-Carvone,compound::439570,439570,unique
compound::(-)-Epicatechin,compound::72276,72276,unique
compound::(-)-Epicatechin gallate,compound::107905,107905,unique
compound::(-)-Epigallocatechin,compound::72277,72277,unique
compound::(-)-Epigallocatechin gallate,compound::65064,65064,unique
compound::(-)-Germacrene D,compound::5317570,5317570,unique
compound::(-)-Limonene,compound::439250,439250,unique
compound::(-)-Linalool,compound::443158,443158,unique
compound::(-)-Mintlactone,compound::642875,642875,unique
compound::(-)-Zingiberene,compound::521253,521253,unique
compound::(-)-alpha-Copaene,compound::76319594,76319594,unique
compound::(-)-alpha-Himachalene,compound::11830551,11830551,unique
compound::(-)-alpha-Pinene,compound::440968,440968,unique
compound::(-)-alpha-Terpineol,compound::443162,443162,unique
compound::(-)-beta-Pinene,compound::440967,440967,unique
compound::(-)-cis-Carveol,compound::330573,330573,unique
compound::(-)-gamma-cadinene,compound::92313,92313,unique
"compound::(10E,12Z)-octadeca-10,12-dienoic acid",compound::5282800,5282800,unique
"compound::(1R,6S)-gamma-himachalene",compound::6428535,6428535,unique
"compound::(1Z,4Z)-germacrene B",compound::6370843,6370843,unique
"compound::(1aR,4S,4aS,7R,7aS)-1,1,4,7-tetramethyl-2,3,4a,5,6,7,7a,7b-octahydro-1aH-cyclopropa[e]azulen-4-ol",compound::94174,94174,unique
"compound::(1r,4r)-4-isopropyl-1-methylcyclohex-2-en-1-ol",compound::122485,122485,unique
"compound::(2,2-Dimethoxyethyl)benzene",compound::60995,60995,unique
compound::(2-Methoxyethyl)benzene,compound::19089,19089,unique
"compound::(2E,4E)-Dodeca-2,4-dienal",compound::5367530,5367530,unique
"compound::(2E,4E)-Octa-2,4-dienal",compound::5283329,5283329,unique
"compound::(2E,4E)-Undeca-2,4-dienal",compound::5367531,5367531,unique
"compound::(2E,4E)-deca-2,4-dienal",compound::5283349,5283349,unique
compound::(2R)-2-isothiocyanatobutane,compound::5399110,5399110,unique
"compound::(2Z,4E)-nona-2,4-dienal",compound::6428555,6428555,unique
"compound::(4R,4aR)-1,1,4,7-tetramethyl-1a,2,3,4,4a,5,6,7b-octahydrocyclopropa[e]azulene",compound::92116,92116,unique
"compound::(5xi,7xi,10xi)-eudesma-4(14),11-diene",compound::519361,519361,unique
compound::(E)-.beta.-Farnesene,compound::10407,10407,unique
compound::(E)-2-Hexenyl hexanoate,compound::5352973,5352973,unique
compound::(E)-Hept-2-enal,compound::5283316,5283316,unique
compound::(E)-gamma-Bisabolene,compound::5352437,5352437,unique
compound::(E)-hex-2-enoate,compound::6997366,6997366,unique
"compound::(E,E)-2,4-Decadienoic isobutylamide",compound::11368078,11368078,unique
compound::(Ethoxymethyl)benzene,compound::10873,10873,unique
compound::(R)-(-)-alpha-Phellandrene,compound::442482,442482,unique
compound::(R)-beta-himachalene,compound::11586487,11586487,unique
compound::(RS)-norcoclaurinium,compound::44229138,44229138,unique
compound::(Z)-4-Dodecenal,compound::6430180,6430180,unique
compound::(Z)-4-Hydroxy-6-dodecenoic acid lactone,compound::5352428,5352428,unique
compound::(Z)-7-Hexadecenal,compound::5364438,5364438,unique
compound::(Z)-8-Tetradecenal,compound::6430188,6430188,unique
compound::(Z)-Beta-Ocimene,compound::5320250,5320250,unique
compound::(Z)-Cinnamyl acetate,compound::5315912,5315912,unique
compound::(Z)-Ethyl cinnamate,compound::5284656,5284656,unique
compound::(Z)-Hept-2-enal,compound::5362616,5362616,unique
compound::(Z)-Hex-3-en-1-ol,compound::5281167,5281167,unique
compound::(Z)-Hex-4-enal,compound::11094547,11094547,unique
compound::(Z)-cinnamyl alcohol,compound::5280511,5280511,unique
"compound::(Z,z)-3,6-nonadien-1-ol",compound::6434541,6434541,unique
compound::(r)-(+)-dihydro-alpha-ionone,compound::12858404,12858404,unique
compound::.alpha.-Calacorene,compound::528708,528708,unique
compound::.alpha.-Cubebene,compound::86609,86609,unique
compound::.beta.-Bourbonene,compound::324224,324224,unique
compound::.beta.-Sesquiphellandrene,compound::519764,519764,unique
"compound::1,1,6-Trimethyl-1,2-dihydronaphthalene",compound::121677,121677,unique
"compound::1,1-Diethoxy-3-Methylbutane",compound::19695,19695,unique
"compound::1,1-Dimethoxyethane",compound::10795,10795,unique
"compound::1,2,3,5,6-Pentathiepane",compound::67521,67521,unique
"compound::1,2,4-Trimethylbenzene",compound::7247,7247,unique
"compound::1,2-Dimethoxybenzene",compound::7043,7043,unique
"compound::1,2-Dithiolane",compound::79045,79045,unique
"compound::1,2-Ethanedithiol",compound::10902,10902,unique
"compound::1,2-propanediol",compound::1030,1030,unique
"compound::1,3,5-Undecatriene",compound::5367412,5367412,unique
"compound::1,3-Butadiene",compound::7845,7845,unique
"compound::1,3-Butanediol",compound::7896,7896,unique
"compound::1,3-Dichlorobenzene",compound::10943,10943,unique
"compound::1,3-Dimethoxybenzene",compound::9025,9025,unique
"compound::1,3-Diphenyl-1-butanone",compound::137065,137065,unique
"compound::1,3-Dithiane",compound::10451,10451,unique
"compound::1,3-p-Menthadien-7-al",compound::526762,526762,unique
"compound::1,4-Cineole",compound::10106,10106,unique
"compound::1,4-Dimethoxybenzene",compound::9016,9016,unique
"compound::1,4-Dithiane",compound::10452,10452,unique
"compound::1-(3,4-dihydro-2H-1,4-thiazin-5-yl)ethanone",compound::526853,526853,unique
"compound::1-(3,6-dimethylpyrazin-2-yl)ethanone",compound::104722,104722,unique
compound::1-(4-Methylphenyl)ethanol,compound::10817,10817,unique
"compound::1-(4-{[4,5-dihydroxy-6-(hydroxymethyl)-3-[(3,4,5-trihydroxy-6-methyloxan-2-yl)oxy]oxan-2-yl]oxy}-2,6-dihydroxyphenyl)-3-(3-hydroxy-4-methoxyphenyl)propan-1-one",compound::4453,4453,unique
compound::1-(Methylthio)-2-butanone,compound::61656,61656,unique
compound::1-(furan-2-yl)pentan-1-one,compound::231325,231325,unique
compound::1-Aminopropan-2-ol,compound::4,4,unique
compound::1-Butanethiol,compound::8012,8012,unique
"compound::1-Butanol, 3-mercapto-2-methyl-",compound::6430892,6430892,unique
"compound::1-Butene, 1-(methylthio)-, (E)-",compound::5368103,5368103,unique
compound::1-Chlorooctadecane,compound::18815,18815,unique
compound::1-Decanol,compound::8174,8174,unique
compound::1-Dodecanol,compound::8193,8193,unique
compound::1-Ethoxy-3-methyl-2-butene,compound::5463936,5463936,unique
compound::1-Furfurylpyrrole,compound::15037,15037,unique
compound::1-Heptanol,compound::8129,8129,unique
compound::1-Hepten-3-Ol,compound::21057,21057,unique
compound::1-Hexadecanesulfonyl chloride,compound::96923,96923,unique
compound::1-Hexadecene,compound::12395,12395,unique
compound::1-Hexanethiol,compound::8106,8106,unique
compound::1-Hexanol,compound::8103,8103,unique
compound::1-Hexen-3-Ol,compound::20928,20928,unique
compound::1-Hydroxybutan-2-one,compound::521300,521300,unique
compound::1-Isothiocyanato-6-(methylthio)hexane,compound::165224,165224,unique
compound::1-Mercapto-2-propanone,compound::520144,520144,unique
compound::1-Methyl-1H-pyrrole,compound::7304,7304,unique
compound::1-Methyl-3-Propylbenzene,compound::14092,14092,unique
compound::1-Methylnaphthalene,compound::7002,7002,unique
compound::1-Nonanol,compound::8914,8914,unique
compound::1-Octen-3-Ol,compound::18827,18827,unique
compound::1-Octen-3-One,compound::61346,61346,unique
compound::1-Octen-3-yl acetate,compound::17121,17121,unique
compound::1-Octen-3-yl butyrate,compound::27892,27892,unique
compound::1-Pentadecanol,compound::12397,12397,unique
compound::1-Pentanol,compound::6276,6276,unique
compound::1-Penten-3-Ol,compound::12020,12020,unique
"compound::1-Phenyl-1,2-Propanedione",compound::11363,11363,unique
compound::1-Phenyl-1-propanol,compound::7147,7147,unique
compound::1-Phenylethanethiol,compound::141850,141850,unique
compound::1-Phenylethanol,compound::7409,7409,unique
compound::1-Phenylethyl acetate,compound::62341,62341,unique
compound::1-Phenylethyl isobutyrate,compound::569214,569214,unique
compound::1-Phenylethyl propionate,compound::8432,8432,unique
compound::1-Popc,compound::6436017,6436017,unique
compound::1-Propanethiol,compound::7848,7848,unique
compound::1-Pyrroline,compound::79803,79803,unique
compound::1-Terpineol,compound::11468,11468,unique
compound::1-Tridecanol,compound::8207,8207,unique
compound::1-Tridecyne,compound::117754,117754,unique
compound::1-Undecanol,compound::8184,8184,unique
compound::1-butanol,compound::263,263,unique
compound::1-octanol,compound::957,957,unique
compound::1-p-Menthen-9-al,compound::520440,520440,unique
compound::1-propanol,compound::1031,1031,unique
compound::10-Undecenal,compound::8187,8187,unique
compound::10-epi-gamma-Eudesmol,compound::6430754,6430754,unique
compound::101517-87-7,compound::529056,529056,unique
compound::102-19-2,compound::7600,7600,unique
compound::103-61-7,compound::7664,7664,unique
compound::103-95-7,compound::517827,517827,unique
compound::104-50-7,compound::7704,7704,unique
compound::1125-21-9,compound::62374,62374,unique
compound::1195-32-0,compound::62385,62385,unique
compound::1203-08-3,compound::528763,528763,unique
compound::122-40-7,compound::31209,31209,unique
compound::13002-09-0,compound::83036,83036,unique
compound::13494-07-0,compound::61634,61634,unique
compound::13679-70-4,compound::61663,61663,unique
compound::13679-85-1,compound::61664,61664,unique
compound::13679-86-2,compound::61665,61665,unique
compound::14-Bromopentadecanoic acid,compound::543912,543912,unique
compound::14400-67-0,compound::85730,85730,unique
compound::156420-69-8,compound::57370186,57370186,unique
compound::16491-36-4,compound::5352438,5352438,unique
compound::19322-27-1,compound::4564493,4564493,unique
compound::19872-52-7,compound::88290,88290,unique
compound::1H-Pyrrole-2-carbaldehyde,compound::13854,13854,unique
"compound::2',4'-Dimethylacetophenone",compound::6985,6985,unique
compound::2'-Hydroxyacetophenone,compound::8375,8375,unique
compound::2(5H)-Furanone,compound::10341,10341,unique
"compound::2,2,4-Trimethyl-1,3-dioxolane",compound::62384,62384,unique
"compound::2,2,6-Trimethylcyclohexanone",compound::17000,17000,unique
"compound::2,3,5,6-Tetramethylpyrazine",compound::14296,14296,unique
"compound::2,3,5-Trimethylpyrazine",compound::26808,26808,unique
"compound::2,3,5-Trithiahexane",compound::93236,93236,unique
"compound::2,3,6-Trimethylphenol",compound::17016,17016,unique
"compound::2,3-Dehydro-1,8-cineole",compound::523035,523035,unique
"compound::2,3-Diethyl-5-Methylpyrazine",compound::28905,28905,unique
"compound::2,3-Diethylpyrazine",compound::27458,27458,unique
"compound::2,3-Dimethylbenzofuran",compound::2734646,2734646,unique
"compound::2,3-Dimethylpyrazine",compound::22201,22201,unique
"compound::2,3-Heptanedione",compound::60983,60983,unique
"compound::2,3-Hexanedione",compound::19707,19707,unique
"compound::2,3-Pentanedione",compound::11747,11747,unique
"compound::2,3-butanediol",compound::262,262,unique
"compound::2,3-butanedione",compound::650,650,unique
"compound::2,4,5-Trimethyl-3-Oxazoline",compound::31492,31492,unique
"compound::2,4,5-Trimethyloxazole",compound::30215,30215,unique
"compound::2,4,5-Trimethylthiazole",compound::61653,61653,unique
"compound::2,4,7-Tridecatrienal, (E,Z,Z)-",compound::6421281,6421281,unique
"compound::2,4-Decadien-1-ol",compound::5362696,5362696,unique
"compound::2,4-Decadienoic acid methyl ester",compound::5463485,5463485,unique
"compound::2,4-Di-tert-butylphenol",compound::7311,7311,unique
"compound::2,4-Dimethyl-5-ethylthiazole",compound::162293,162293,unique
"compound::2,4-Dimethylbenzaldehyde",compound::61814,61814,unique
"compound::2,4-Dimethylcyclohexanol",compound::98251,98251,unique
"compound::2,4-Dimethylthiazole",compound::10934,10934,unique
"compound::2,4-Hexadien-1-Ol",compound::641256,641256,unique
"compound::2,4-Hexadienal",compound::637564,637564,unique
"compound::2,4-Lutidine",compound::7936,7936,unique
"compound::2,4-Pentadienal",compound::5986428,5986428,unique
"compound::2,4-dihydroxybenzoic acid",compound::1491,1491,unique
"compound::2,5-Diethyl-3-Methylpyrazine",compound::36225,36225,unique
"compound::2,5-Diethyl-4-methylthiazole",compound::518856,518856,unique
"compound::2,5-Diethyltetrahydrofuran",compound::62913,62913,unique
"compound::2,5-Dimethyl-1,4-dithiane-2,5-diol",compound::62105,62105,unique
"compound::2,5-Dimethyl-4-ethoxy-3(2H)-furanone",compound::3017596,3017596,unique
"compound::2,5-Dimethyl-4-ethyloxazole",compound::121694,121694,unique
"compound::2,5-Dimethylfuran",compound::12266,12266,unique
"compound::2,5-Dimethylphenol",compound::7267,7267,unique
"compound::2,5-Dimethylpyrazine",compound::31252,31252,unique
"compound::2,5-Dimethylthiazole",compound::77837,77837,unique
"compound::2,5-Dimethylthiophene",compound::12514,12514,unique
"compound::2,5-dimethylthiophene-3-carbaldehyde",compound::2762759,2762759,unique
"compound::2,6,6-Trimethyl-1-cyclohexene-1-acetaldehyde",compound::61124,61124,unique
"compound::2,6,6-trimethyl-2-hydroxycyclohexanone",compound::101115,101115,unique
"compound::2,6-Di-tert-butyl-4-methylphenol",compound::31404,31404,unique
"compound::2,6-Dimethoxy-4-methylphenol",compound::240925,240925,unique
"compound::2,6-Dimethoxy-4-propylphenol",compound::524975,524975,unique
"compound::2,6-Dimethoxyphenol",compound::7041,7041,unique
"compound::2,6-Dimethyl-4-heptanone",compound::7958,7958,unique
"compound::2,6-Dimethyl-5-heptenal",compound::61016,61016,unique
"compound::2,6-Dimethylphenol",compound::11335,11335,unique
"compound::2,6-Dimethylpyrazine",compound::7938,7938,unique
"compound::2,6-Dimethylpyridine",compound::7937,7937,unique
"compound::2,6-Nonadien-1-ol",compound::34134,34134,unique
"compound::2,6-Nonadienal",compound::636687,636687,unique
compound::2-(4-Hydroxyphenyl)ethanol,compound::10393,10393,unique
compound::2-(4-Methoxyphenoxy)propanoic acid,compound::151199,151199,unique
compound::2-(4-methylphenyl)propan-2-ol,compound::14529,14529,unique
compound::2-(Methoxymethyl)furan,compound::61661,61661,unique
compound::2-(Methylthio)ethanol,compound::78925,78925,unique
compound::2-(Methylthio)phenol,compound::61261,61261,unique
compound::2-Acetyl-1-ethylpyrrole,compound::61988,61988,unique
compound::2-Acetyl-1-methylpyrrole,compound::61240,61240,unique
compound::2-Acetyl-2-thiazoline,compound::169110,169110,unique
compound::2-Acetyl-3-Methylpyrazine,compound::32093,32093,unique
compound::2-Acetyl-3-ethylpyrazine,compound::61918,61918,unique
compound::2-Acetyl-5-Methylfuran,compound::14514,14514,unique
compound::2-Acetylfuran,compound::14505,14505,unique
compound::2-Acetylpyridine,compound::14286,14286,unique
compound::2-Acetylpyrrole,compound::14079,14079,unique
compound::2-Acetylthiazole,compound::520108,520108,unique
compound::2-Acetylthiophene,compound::6920,6920,unique
compound::2-Butanol,compound::6568,6568,unique
compound::2-Butanone,compound::6569,6569,unique
"compound::2-Butenoic acid, hexyl ester",compound::5366038,5366038,unique
compound::2-Butylfuran,compound::20534,20534,unique
compound::2-Decanone,compound::12741,12741,unique
compound::2-Decenoic acid,compound::5282724,5282724,unique
compound::2-Dodecanone,compound::22556,22556,unique
compound::2-Ethyl-1-hexanethiol,compound::110968,110968,unique
"compound::2-Ethyl-3,5-Dimethylpyrazine",compound::26334,26334,unique
compound::2-Ethyl-3-Methoxypyrazine,compound::33135,33135,unique
compound::2-Ethyl-3-Methylpyrazine,compound::27457,27457,unique
"compound::2-Ethyl-4,5-dimethyloxazole",compound::62069,62069,unique
compound::2-Ethyl-4-Methylthiazole,compound::27440,27440,unique
compound::2-Ethyl-4-hydroxy-5-methyl-3(2H)-furanone,compound::33931,33931,unique
compound::2-Ethyl-5-Methylpyrazine,compound::25915,25915,unique
compound::2-Ethyl-6-Methylpyrazine,compound::26332,26332,unique
compound::2-Ethylbutanal,compound::7359,7359,unique
compound::2-Ethylbutyric Acid,compound::6915,6915,unique
compound::2-Ethylcyclobutanol,compound::37109,37109,unique
compound::2-Ethylfuran,compound::18554,18554,unique
compound::2-Ethylhexan-1-ol,compound::7720,7720,unique
compound::2-Ethylpyrazine,compound::26331,26331,unique
compound::2-Ethylpyridine,compound::7523,7523,unique
compound::2-Ethylthiazole,compound::85053,85053,unique
compound::2-Furaldehyde,compound::7362,7362,unique
"compound::2-Furanmethanethiol, 5-methyl-",compound::521873,521873,unique
compound::2-Furylacetone,compound::228583,228583,unique
compound::2-Heptanol,compound::10976,10976,unique
compound::2-Heptanone,compound::8051,8051,unique
compound::2-Hepten-4-One,compound::5463238,5463238,unique
compound::2-Heptyl butanoate,compound::529496,529496,unique
compound::2-Heptylfuran,compound::19603,19603,unique
compound::2-Hexanol,compound::12297,12297,unique
compound::2-Hexanone,compound::11583,11583,unique
compound::2-Hexenyl propanoate,compound::5352463,5352463,unique
compound::2-Hexyl-1-decanol,compound::95337,95337,unique
compound::2-Hexylthiophene,compound::87793,87793,unique
compound::2-Hydroxy-4-methoxybenzaldehyde,compound::69600,69600,unique
compound::2-Isobutyl-3-Methoxypyrazine,compound::32594,32594,unique
compound::2-Isobutyl-3-Methylpyrazine,compound::26333,26333,unique
compound::2-Isobutylthiazole,compound::62725,62725,unique
compound::2-Isopropyl-3-Methoxypyrazine,compound::33166,33166,unique
compound::2-Isopropyl-4-methylthiazole,compound::61808,61808,unique
compound::2-Isopropyl-5-methyl-2-hexenal,compound::5362661,5362661,unique
compound::2-Isopropyl-5-methylcyclohexanone,compound::6986,6986,unique
compound::2-Isopropyl-5-methylpyrazine,compound::61700,61700,unique
compound::2-Isopropyltoluene,compound::10703,10703,unique
compound::2-METHYLBUTYL 2-METHYLBUTYRATE,compound::17129,17129,unique
compound::2-Mercapto-2-Methyl-1-Pentanol,compound::11240503,11240503,unique
compound::2-Methoxy-3-Methylpyrazine,compound::17898,17898,unique
compound::2-Methoxy-4-Methylphenol,compound::7144,7144,unique
compound::2-Methoxy-4-Propylphenol,compound::17739,17739,unique
compound::2-Methoxy-4-vinylphenol,compound::332,332,unique
compound::2-Methoxybenzaldehyde,compound::8658,8658,unique
compound::2-Methoxybenzenethiol,compound::23642,23642,unique
compound::2-Methoxycinnamaldehyde,compound::641298,641298,unique
compound::2-Methoxyphenyl acetate,compound::61155,61155,unique
compound::2-Methoxypyrazine,compound::18467,18467,unique
compound::2-Methoxystyrene,compound::61153,61153,unique
"compound::2-Methyl-1,3-dithiolane",compound::21828,21828,unique
compound::2-Methyl-1-Butanol,compound::8723,8723,unique
compound::2-Methyl-1-phenyl-2-propanol,compound::7531,7531,unique
compound::2-Methyl-1-propanol,compound::6560,6560,unique
compound::2-Methyl-2-Butanol,compound::6405,6405,unique
compound::2-Methyl-2-Pentanol,compound::11543,11543,unique
compound::2-Methyl-2-Pentenal,compound::5319754,5319754,unique
compound::2-Methyl-2-Pentenoic Acid,compound::5365909,5365909,unique
compound::2-Methyl-3-(2-furyl)propenal,compound::6210220,6210220,unique
compound::2-Methyl-3-Buten-2-Ol,compound::8257,8257,unique
compound::2-Methyl-3-Heptanone,compound::25611,25611,unique
compound::2-Methyl-3-Pentanone,compound::11265,11265,unique
compound::2-Methyl-3-furanthiol,compound::34286,34286,unique
compound::2-Methyl-3-pentenoic acid,compound::6435866,6435866,unique
compound::2-Methyl-3-tetrahydrofuranthiol,compound::62128,62128,unique
compound::2-Methyl-5-(methylthio)furan,compound::61657,61657,unique
compound::2-Methyl-5-Vinylpyrazine,compound::26335,26335,unique
compound::2-Methylbenzaldehyde,compound::10722,10722,unique
compound::2-Methylbenzenethiol,compound::8712,8712,unique
compound::2-Methylbutanoic acid,compound::8314,8314,unique
compound::2-Methylbutyl Acetate,compound::12209,12209,unique
compound::2-Methylbutyl isovalerate,compound::62445,62445,unique
compound::2-Methylbutyraldehyde,compound::7284,7284,unique
compound::2-Methylfuran,compound::10797,10797,unique
compound::2-Methylheptanoic Acid,compound::14475,14475,unique
compound::2-Methylhexanoic Acid,compound::20653,20653,unique
compound::2-Methylpentanal,compound::31245,31245,unique
compound::2-Methylpentanoic acid,compound::7341,7341,unique
compound::2-Methylpyrazine,compound::7976,7976,unique
compound::2-Methylpyridine,compound::7975,7975,unique
compound::2-Methyltetradecane,compound::15268,15268,unique
compound::2-Methyltetrahydrofuran-3-One,compound::18522,18522,unique
compound::2-Methylthioacetaldehyde,compound::10887828,10887828,unique
compound::2-Methylthiophene,compound::11126,11126,unique
compound::2-Methyltridecane,compound::15269,15269,unique
compound::2-Nonanol,compound::12367,12367,unique
compound::2-Nonanone,compound::13187,13187,unique
compound::2-Nonen-4-one,compound::448996,448996,unique
compound::2-Nonenoic acid,compound::97730,97730,unique
"compound::2-Octen-1-ol, acetate",compound::5463875,5463875,unique
compound::2-Octen-4-one,compound::5365891,5365891,unique
compound::2-Pentadecanone,compound::61303,61303,unique
compound::2-Pentanethiol,compound::62424,62424,unique
compound::2-Pentanol,compound::22386,22386,unique
compound::2-Pentanone,compound::7895,7895,unique
"compound::2-Pentenal, (Z)-",compound::12365893,12365893,unique
compound::2-Pentenoic Acid,compound::638122,638122,unique
compound::2-Pentyl Acetate,compound::12278,12278,unique
compound::2-Pentyl butyrate,compound::43263,43263,unique
compound::2-Pentylfuran,compound::19602,19602,unique
compound::2-Pentylpyridine,compound::16800,16800,unique
compound::2-Pentylthiophene,compound::20995,20995,unique
compound::2-Phenyl-2-Butenal,compound::6429333,6429333,unique
compound::2-Phenylethanol,compound::6054,6054,unique
compound::2-Phenylethyl formate,compound::7711,7711,unique
compound::2-Phenylethyl hexanoate,compound::61384,61384,unique
compound::2-Phenylethyl octanoate,compound::229888,229888,unique
compound::2-Phenylethyl pentanoate,compound::81964,81964,unique
compound::2-Phenylethyl propionate,compound::31225,31225,unique
compound::2-Phenylpropanal,compound::7146,7146,unique
compound::2-Propanethiol,compound::6364,6364,unique
"compound::2-Propen-1-one, 3-(4-hydroxyphenyl)-1-phenyl-",compound::25021769,25021769,unique
compound::2-Propionylpyrrole,compound::61260,61260,unique
compound::2-Propylphenol,compound::12570,12570,unique
compound::2-Propylpyrazine,compound::87466,87466,unique
compound::2-Propylpyridine,compound::69320,69320,unique
compound::2-Pyrrolidinone,compound::12025,12025,unique
compound::2-Tridecanone,compound::11622,11622,unique
compound::2-Undecanol,compound::15448,15448,unique
compound::2-Undecanone,compound::8163,8163,unique
compound::2-Undecenal,compound::5283356,5283356,unique
compound::2-Vinylpyrazine,compound::77840,77840,unique
compound::2-[(Methylthio)methyl]-2-butenal,compound::57501028,57501028,unique
compound::2-amino-3-(prop-2-en-1-ylsulfanyl)propanoic acid,compound::98280,98280,unique
compound::2-heptanethiol,compound::522071,522071,unique
"compound::2-isobutyl-4,5-dimethyloxazole",compound::574068,574068,unique
compound::2-isopropyl-6-methoxypyrazine,compound::106441,106441,unique
compound::2-methyl-3-[4-(propan-2-yl)cyclohex-1-en-1-yl]propanal,compound::86818,86818,unique
compound::2-methylpropyl but-2-enoate,compound::61135,61135,unique
compound::2-oxobutanoic acid,compound::58,58,unique
compound::2-propionyl-1-pyrroline,compound::529251,529251,unique
compound::2-propionyl-2-thiazoline,compound::6428990,6428990,unique
compound::2-sec-Butylthiazole,compound::519539,519539,unique
compound::2-trans-6-cis-Dodecadienal,compound::6430759,6430759,unique
compound::20189-42-8,compound::29995,29995,unique
compound::227456-27-1,compound::6430888,6430888,unique
compound::23726-92-3,compound::1616260,1616260,unique
compound::23747-48-0,compound::32065,32065,unique
compound::24168-70-5,compound::520098,520098,unique
compound::24851-98-7,compound::102861,102861,unique
compound::2564-86-5,compound::137640,137640,unique
compound::28374-89-2,compound::185635,185635,unique
compound::28664-35-9,compound::62835,62835,unique
"compound::2E,4Z-Decadienal",compound::6427087,6427087,unique
"compound::3',4'-Dimethoxyacetophenone",compound::14328,14328,unique
"compound::3,3-Dimethylacrylic acid",compound::10931,10931,unique
"compound::3,3-Dimethylcyclohexanol",compound::79105,79105,unique
"compound::3,4-Dihydroxybenzaldehyde",compound::8768,8768,unique
"compound::3,4-Dihydroxybenzoic Acid",compound::72,72,unique
"compound::3,4-Dimethoxybenzaldehyde",compound::8419,8419,unique
"compound::3,4-Dimethoxystyrene",compound::61400,61400,unique
"compound::3,4-Dimethyl-1,2-cyclopentanedione",compound::61633,61633,unique
"compound::3,4-Dimethylphenol",compound::7249,7249,unique
"compound::3,4-Hexanedione",compound::62539,62539,unique
"compound::3,5,5-Trimethylhexan-1-ol",compound::18938,18938,unique
"compound::3,5-Diethyl-1,2,4-trithiolane",compound::520895,520895,unique
"compound::3,5-Diethyl-2-Methylpyrazine",compound::28906,28906,unique
"compound::3,5-Dimethyl-1,2,4-Trithiolane",compound::32033,32033,unique
"compound::3,5-Dimethyl-2-isobutylpyrazine",compound::578817,578817,unique
"compound::3,5-Octadien-2-one",compound::5352876,5352876,unique
"compound::3,6-Nonadien-1-ol",compound::42011,42011,unique
"compound::3,7,11-Trimethyl-1-dodecanol",compound::138824,138824,unique
"compound::3,7,4'-Trihydroxyflavone",compound::5281611,5281611,unique
"compound::3,7-Dimethyl-1-octanol",compound::7792,7792,unique
"compound::3,7-Dimethyloctane-1,7-diol",compound::249494,249494,unique
compound::3-(2-Furyl)acrolein,compound::1549521,1549521,unique
compound::3-(Methylthio)-1-hexanol,compound::65413,65413,unique
compound::3-(Methylthio)propionaldehyde,compound::18635,18635,unique
compound::3-(Methylthio)propyl acetate,compound::85519,85519,unique
compound::3-(Methylthio)propyl isothiocyanate,compound::62351,62351,unique
"compound::3-Acetyl-2,5-dimethylfuran",compound::61527,61527,unique
compound::3-Acetylpyridine,compound::9589,9589,unique
compound::3-Butenyl isothiocyanate,compound::76922,76922,unique
compound::3-Carene,compound::26049,26049,unique
compound::3-Decanol,compound::519158,519158,unique
compound::3-Decanone,compound::13576,13576,unique
"compound::3-Ethyl-2,5-dimethylpyrazine",compound::25916,25916,unique
compound::3-Ethyl-o-xylene,compound::13621,13621,unique
compound::3-Ethylpyridine,compound::10823,10823,unique
compound::3-Heptanol,compound::11520,11520,unique
compound::3-Heptanone,compound::7802,7802,unique
compound::3-Hepten-2-One,compound::5364578,5364578,unique
compound::3-Hexanol,compound::12178,12178,unique
compound::3-Hexanone,compound::11509,11509,unique
compound::3-Hexenal,compound::643139,643139,unique
"compound::3-Hexenoic acid, methyl ester",compound::5362782,5362782,unique
compound::3-Hydroxy-2-Pentanone,compound::62484,62484,unique
compound::3-Hydroxy-5-methyl-2-hexanone,compound::11815386,11815386,unique
compound::3-Hydroxypyruvic acid,compound::964,964,unique
compound::3-Isobutylpyridine,compound::61715,61715,unique
compound::3-Mercapto-2-methylpentanal,compound::527435,527435,unique
compound::3-Mercapto-3-methyl-1-butanol,compound::520682,520682,unique
compound::3-Mercapto-3-methylbutyl formate,compound::526487,526487,unique
compound::3-Methoxybenzaldehyde,compound::11569,11569,unique
compound::3-Methyl-1-Hexanol,compound::25793,25793,unique
compound::3-Methyl-1-Pentanol,compound::11508,11508,unique
compound::3-Methyl-1-butanol,compound::31260,31260,unique
compound::3-Methyl-2(5H)-furanone,compound::30945,30945,unique
compound::3-Methyl-2-Butanol,compound::11732,11732,unique
compound::3-Methyl-2-Butanone,compound::11251,11251,unique
compound::3-Methyl-2-Buten-1-Ol,compound::11173,11173,unique
compound::3-Methyl-2-Cyclohexen-1-One,compound::14511,14511,unique
compound::3-Methyl-2-Cyclopenten-1-One,compound::17691,17691,unique
compound::3-Methyl-2-butenal,compound::61020,61020,unique
compound::3-Methyl-2-oxobutanoic acid,compound::49,49,unique
compound::3-Methyl-3-Pentanol,compound::6493,6493,unique
compound::3-Methyl-3-butenyl acetate,compound::78879,78879,unique
compound::3-Methylbenzaldehyde,compound::12105,12105,unique
compound::3-Methylbutanal,compound::11552,11552,unique
compound::3-Methylbutyl 2-methylbutanoate,compound::520326,520326,unique
compound::3-Methylbutyl isothiocyanate,compound::79086,79086,unique
"compound::3-Methylcyclohexane-1,2-dione",compound::3321360,3321360,unique
compound::3-Methylcyclohexanone,compound::11567,11567,unique
"compound::3-Methylcyclopentane-1,2-dione",compound::61209,61209,unique
compound::3-Methylfuran,compound::13587,13587,unique
compound::3-Methylindole,compound::6736,6736,unique
compound::3-Methylpentadecane,compound::17899,17899,unique
compound::3-Methylvaleric acid,compound::7755,7755,unique
compound::3-Nonanone,compound::61235,61235,unique
compound::3-Octanol,compound::11527,11527,unique
compound::3-Octanone,compound::246728,246728,unique
compound::3-Octen-2-One,compound::5363229,5363229,unique
compound::3-Octyl acetate,compound::521238,521238,unique
compound::3-Oxo-alpha-ionol,compound::5370052,5370052,unique
compound::3-Pentanone,compound::7288,7288,unique
compound::3-Phenylpropan-1-ol,compound::31234,31234,unique
compound::3-Phenylpropanal,compound::7707,7707,unique
compound::3-Phenylpropanenitrile,compound::12581,12581,unique
compound::3-Phenylpropanoic acid,compound::107,107,unique
compound::3-Phenylpropyl acetate,compound::31226,31226,unique
compound::3-Phenylpropyl propionate,compound::61052,61052,unique
compound::3-Thujanone,compound::11027,11027,unique
compound::3-Thujene,compound::17868,17868,unique
compound::3-hydroxy-4-phenylbutan-2-one,compound::6428929,6428929,unique
"compound::3-methylnonane-2,4-dione",compound::529481,529481,unique
compound::3-methylthiopropanol,compound::10448,10448,unique
compound::3-oxobutan-2-yl acetate,compound::521246,521246,unique
compound::3025-30-7,compound::5281162,5281162,unique
compound::32064-73-6,compound::557934,557934,unique
compound::3242-08-8,compound::94254,94254,unique
compound::33368-82-0,compound::57357963,57357963,unique
compound::34686-71-0,compound::6438070,6438070,unique
compound::3658-77-3,compound::19309,19309,unique
compound::4'-Hydroxyacetophenone,compound::7469,7469,unique
compound::4'-Methoxyacetophenone,compound::7476,7476,unique
compound::4'-Methylacetophenone,compound::8500,8500,unique
"compound::4,4,7a-Trimethyl-5,6,7,7a-tetrahydrobenzofuran-2(4H)-one",compound::27209,27209,unique
"compound::4,4-Dimethoxy-2-butanone",compound::228548,228548,unique
"compound::4,5-Dimethyl-2-propyloxazole",compound::104620,104620,unique
"compound::4,5-Dimethylthiazole",compound::62510,62510,unique
"compound::4,8-Methanoazulen-9-ol, decahydro-2,2,4,8-tetramethyl-, stereoisomer",compound::521185,521185,unique
compound::4-(4-Hydroxyphenyl)-2-butanone,compound::21648,21648,unique
compound::4-(4-Methoxyphenyl)-2-butanone,compound::61007,61007,unique
"compound::4-(But-2-en-1-ylidene)-3,5,5-trimethylcyclohex-2-enone",compound::18645216,18645216,unique
compound::4-(Ethoxymethyl)-2-methoxyphenol,compound::61586,61586,unique
"compound::4-Acetyl-1,4-dimethyl-1-cyclohexene",compound::65289,65289,unique
"compound::4-Allyl-2,6-dimethoxyphenol",compound::226486,226486,unique
compound::4-DECENYL ACETATE (Z),compound::5352830,5352830,unique
compound::4-Decenoic acid,compound::5282726,5282726,unique
compound::4-Ethoxybenzaldehyde,compound::24834,24834,unique
"compound::4-Ethyl-1,2-dimethoxybenzene",compound::79990,79990,unique
compound::4-Ethyl-2-methoxyphenol,compound::62465,62465,unique
compound::4-Ethylbenzaldehyde,compound::20861,20861,unique
compound::4-Ethyloctanoic acid,compound::61840,61840,unique
compound::4-Ethylphenol,compound::31242,31242,unique
compound::4-Ethylsyringol,compound::61712,61712,unique
compound::4-Heptanone,compound::31246,31246,unique
compound::4-Hexen-1-Ol,compound::641248,641248,unique
compound::4-Hexen-3-One,compound::5365811,5365811,unique
compound::4-Hexenoic acid,compound::638127,638127,unique
compound::4-Hydroxybenzoic Acid,compound::135,135,unique
compound::4-Isopropenyl-1-methyl-7-oxabicyclo[4.1.0]heptan-2-one,compound::100031,100031,unique
compound::4-Isopropylphenol,compound::7465,7465,unique
compound::4-Menthen-8-ol,compound::86752,86752,unique
compound::4-Methoxy-2-methyl-2-butanethiol,compound::526195,526195,unique
compound::4-Methoxybenzaldehyde,compound::31244,31244,unique
compound::4-Methoxybenzoic Acid,compound::7478,7478,unique
compound::4-Methoxybenzyl Alcohol,compound::7738,7738,unique
compound::4-Methoxybenzyl acetate,compound::7695,7695,unique
compound::4-Methoxybenzyl formate,compound::61054,61054,unique
compound::4-Methoxycinnamaldehyde,compound::641294,641294,unique
compound::4-Methoxyphenol,compound::9015,9015,unique
compound::4-Methoxyphenylacetone,compound::31231,31231,unique
compound::4-Methoxystyrene,compound::12507,12507,unique
compound::4-Methyl-2-Pentenal,compound::5916154,5916154,unique
compound::4-Methyl-2-oxovaleric acid,compound::70,70,unique
compound::4-Methyl-2-pentanone,compound::7909,7909,unique
compound::4-Methyl-2-phenyl-2-pentenal,compound::5363896,5363896,unique
compound::4-Methyl-5-Thiazoleethanol,compound::1136,1136,unique
compound::4-Methyl-5-Vinylthiazole,compound::15654,15654,unique
compound::4-Methylanisole,compound::7731,7731,unique
compound::4-Methylnonanoic acid,compound::62003,62003,unique
compound::4-Methyloctanoic acid,compound::62089,62089,unique
compound::4-Methylpentanoic Acid,compound::12587,12587,unique
compound::4-Methylthiazole,compound::12748,12748,unique
compound::4-Methylthio-2-butanone,compound::61922,61922,unique
"compound::4-Octenoic acid, methyl ester",compound::5366856,5366856,unique
compound::4-Pentenyl isothiocyanate,compound::87436,87436,unique
"compound::4-Propenyl-2,6-dimethoxyphenol",compound::5352905,5352905,unique
compound::4-Propylphenol,compound::12580,12580,unique
compound::4-Vinylphenol,compound::62453,62453,unique
compound::4-[(Z)-prop-1-enyl]phenol,compound::5791138,5791138,unique
compound::4-hydroxybenzaldehyde,compound::126,126,unique
compound::4-hydroxybenzyl alcohol,compound::125,125,unique
compound::4-isopropylbenzaldehyde,compound::326,326,unique
compound::4-isopropylbenzyl alcohol,compound::325,325,unique
compound::4-methyl-2-phenylpent-2-enal,compound::6435914,6435914,unique
compound::4-tert-Butylphenol,compound::7393,7393,unique
compound::4077-47-8,compound::61325,61325,unique
compound::41519-23-7,compound::5352539,5352539,unique
compound::4166-20-5,compound::61334,61334,unique
compound::42348-12-9,compound::528698,528698,unique
compound::4674-50-4,compound::20797,20797,unique
compound::483-77-2,compound::10224,10224,unique
compound::489-53-2,compound::3819217,3819217,unique
"compound::4a(2H)-Naphthol, octahydro-4,8a-dimethyl-",compound::1213,1213,unique
"compound::5,6,7,8-Tetrahydroquinoxaline",compound::36822,36822,unique
"compound::5,6-Epoxy-beta-ionone",compound::5352481,5352481,unique
"compound::5,6-dimethyloxan-2-one",compound::544628,544628,unique
"compound::5,7-Dihydroxyflavanone",compound::238782,238782,unique
"compound::5,7-Dihydroxyisoflavone",compound::5377381,5377381,unique
compound::5-Ethyl-2(5H)-furanone,compound::16997,16997,unique
"compound::5-Ethyl-2,3-dimethylpyrazine",compound::27460,27460,unique
compound::5-Ethyl-2-hydroxy-3-methylcyclopent-2-en-1-one,compound::65427,65427,unique
compound::5-Ethyl-2-methylpyridine,compound::7728,7728,unique
compound::5-Ethyl-2-methylthiazole,compound::519732,519732,unique
compound::5-Hexen-1-ol,compound::69963,69963,unique
compound::5-Hydroxymethylfurfural,compound::237332,237332,unique
compound::5-Hydroxyoctan-4-one,compound::219794,219794,unique
compound::5-Methyl-2-phenyl-2-hexenal,compound::5370602,5370602,unique
compound::5-Methyl-3-Hexen-2-One,compound::5363140,5363140,unique
compound::5-Methylfurfural,compound::12097,12097,unique
"compound::5-Methylhexane-2,3-dione",compound::26204,26204,unique
compound::5-Methylhexanoic Acid,compound::12344,12344,unique
compound::5-Methylquinoxaline,compound::61670,61670,unique
compound::5-Nonanone,compound::10405,10405,unique
compound::5-hydroxy-1-(4-hydroxy-3-methoxyphenyl)tetradecan-3-one,compound::5275726,5275726,unique
compound::50-69-1,compound::5311110,5311110,unique
compound::53398-85-9,compound::5365069,5365069,unique
compound::55123-21-2,compound::21587486,21587486,unique
compound::5550-12-9,compound::21712,21712,unique
compound::55896-93-0,compound::12225100,12225100,unique
compound::56424-87-4,compound::62117,62117,unique
compound::58461-27-1,compound::94060,94060,unique
compound::5986-55-0,compound::442384,442384,unique
"compound::6,10,14-Trimethylpentadecan-2-one",compound::10408,10408,unique
"compound::6,10-Dimethyl-2-undecanone",compound::95495,95495,unique
"compound::6,7-Dihydro-2,3-Dimethyl-5H-Cyclopentapyrazine",compound::6428802,6428802,unique
compound::6-Methyl-1-Heptanol,compound::15450,15450,unique
compound::6-Methyl-5-Hepten-2-One,compound::9862,9862,unique
compound::6-Methylhept-5-en-2-ol,compound::20745,20745,unique
"compound::6-Methylhepta-3,5-dien-2-one",compound::5370101,5370101,unique
compound::6-Methylheptan-2-one,compound::13572,13572,unique
compound::6-Methylquinoline,compound::7059,7059,unique
compound::6-Pentyl-2H-pyran-2-one,compound::33960,33960,unique
compound::6-Undecanone,compound::13561,13561,unique
compound::6-isothiocyanatohex-1-ene,compound::184852,184852,unique
compound::6-methyl-2-(oxiran-2-yl)hept-5-en-2-ol,compound::102611,102611,unique
compound::623-15-4,compound::735940,735940,unique
compound::6753-98-6,compound::6508206,6508206,unique
compound::67860-38-2,compound::5362572,5362572,unique
compound::68698-59-9,compound::5352460,5352460,unique
compound::698-10-2,compound::61199,61199,unique
compound::7-Methoxycoumarin,compound::10748,10748,unique
compound::7-Octen-2-One,compound::19315,19315,unique
"compound::7-methyl-4-methylidene-1-propan-2-yl-2,3,4a,5,6,8a-hexahydro-1H-naphthalene",compound::15094,15094,unique
compound::8-Nonen-2-one,compound::21108,21108,unique
compound::80-71-7,compound::6660,6660,unique
compound::80417-97-6,compound::3018936,3018936,unique
compound::81925-81-7,compound::5362588,5362588,unique
compound::87-91-2,compound::6993580,6993580,unique
compound::9-Decenal,compound::162392,162392,unique
compound::9-Decenoic acid,compound::61743,61743,unique
"compound::9-Octadecenal, (9E)-",compound::17029,17029,unique
compound::99583-29-6,compound::15801179,15801179,unique
compound::AC1L9CNW,compound::442355,442355,unique
compound::AC1LCV7P,compound::656566,656566,unique
compound::AC1LDI49,compound::667450,667450,unique
compound::AC1NST8Q,compound::5315594,5315594,unique
compound::AC1NSWDQ,compound::5318103,5318103,unique
compound::Acetal,compound::7765,7765,unique
compound::Acetaldehyde ethyl cis-3-hexenyl acetal,compound::5366352,5366352,unique
compound::Acetic Anhydride,compound::7918,7918,unique
compound::Acetophenone,compound::7410,7410,unique
compound::Acetovanillone,compound::2214,2214,unique
compound::Acetoxyacetone,compound::11593,11593,unique
compound::Acetoyl butyrate,compound::529253,529253,unique
compound::Acetyl isobutyryl,compound::24115,24115,unique
compound::Acetyleugenol,compound::7136,7136,unique
compound::Acetylpyrazine,compound::30914,30914,unique
compound::Acetylvalerenolic acid,compound::6439585,6439585,unique
compound::Aconitic Acid,compound::309,309,unique
compound::Acrolein,compound::7847,7847,unique
compound::Agarospirol,compound::21675005,21675005,unique
compound::Allene,compound::10037,10037,unique
compound::Alloocimene,compound::5368821,5368821,unique
compound::Allyl Alcohol,compound::7858,7858,unique
compound::Allyl Isothiocyanate,compound::5971,5971,unique
compound::Allyl Mercaptan,compound::13367,13367,unique
compound::Allyl Methyl Disulfide,compound::62434,62434,unique
compound::Allyl Methyl Trisulfide,compound::61926,61926,unique
compound::Allyl Propyl Disulfide,compound::16591,16591,unique
compound::Allyl hexanoate,compound::31266,31266,unique
compound::Allyl methyl sulfide,compound::66282,66282,unique
compound::Allyl propyl sulfide,compound::98781,98781,unique
compound::Allyl radical,compound::123136,123136,unique
compound::Allyl thiocyanate,compound::69816,69816,unique
compound::Allyldimethylsilane,compound::6329006,6329006,unique
compound::Alpha-Ionone,compound::5282108,5282108,unique
compound::Alpha-Methylcinnamaldehyde,compound::5372813,5372813,unique
compound::Alpha-Phellandrene,compound::7460,7460,unique
compound::Alpha-Pinene,compound::6654,6654,unique
compound::Alpha-Selinene,compound::10856614,10856614,unique
compound::Alpha-Sinensal,compound::5281534,5281534,unique
compound::Alpha-Terpinene,compound::7462,7462,unique
compound::Alpha-Terpinyl Acetate,compound::111037,111037,unique
compound::Amyl acetate,compound::12348,12348,unique
compound::Amyl octanoate,compound::61185,61185,unique
compound::Amylamine,compound::8060,8060,unique
compound::Andrographolide,compound::5318517,5318517,unique
compound::Angelaldehyde,compound::6028462,6028462,unique
compound::Angelic acid,compound::643915,643915,unique
compound::Anisole,compound::7519,7519,unique
compound::Anthracene,compound::8418,8418,unique
compound::Apiole,compound::10659,10659,unique
compound::Aromadendrene,compound::91354,91354,unique
compound::Artemisia ketone,compound::68346,68346,unique
compound::Artemorin,compound::5281428,5281428,unique
"compound::Azulene, 1,2,3,4,5,6,7,8-octahydro-1,4-dimethyl-7-(1-methylethenyl)-, (1S,4S,7R)-",compound::107152,107152,unique
compound::Benzalacetone,compound::637759,637759,unique
compound::Benzaldehyde dimethyl acetal,compound::62375,62375,unique
compound::Benzophenone,compound::3102,3102,unique
compound::Benzothiazole,compound::7222,7222,unique
compound::Benzyl 3-oxobutanoate,compound::142266,142266,unique
compound::Benzyl Acetate,compound::8785,8785,unique
compound::Benzyl Benzoate,compound::2345,2345,unique
compound::Benzyl Mercaptan,compound::7509,7509,unique
compound::Benzyl Propionate,compound::31219,31219,unique
compound::Benzyl Salicylate,compound::8363,8363,unique
compound::Benzyl butyl ether,compound::61134,61134,unique
compound::Benzyl butyrate,compound::7650,7650,unique
compound::Benzyl ether,compound::7657,7657,unique
compound::Benzyl formate,compound::7708,7708,unique
compound::Benzyl isobutyrate,compound::7646,7646,unique
compound::Benzyl isovalerate,compound::7651,7651,unique
compound::Benzyl methyl disulfide,compound::12779,12779,unique
compound::Benzyl methyl sulfide,compound::13016,13016,unique
compound::Benzyl tiglate,compound::250096,250096,unique
compound::Berteroin,compound::206037,206037,unique
compound::Beta-Caryophyllene,compound::5281515,5281515,unique
compound::Beta-Elemene,compound::6918391,6918391,unique
compound::Beta-Ionone,compound::638014,638014,unique
compound::Beta-Phellandrene,compound::11142,11142,unique
compound::Beta-Pinene,compound::14896,14896,unique
compound::Beta-Selinene,compound::442393,442393,unique
compound::Beta-Terpineol,compound::8748,8748,unique
"compound::Bicyclo[2.2.1]heptane, 2-methyl-3-methylene-2-(4-methyl-3-pentenyl)-, (1S-exo)-",compound::10534,10534,unique
compound::Biphenyl,compound::7095,7095,unique
compound::Bis(2-methyl-3-furyl)disulfide,compound::526624,526624,unique
compound::Bis(methylthio)methane,compound::15380,15380,unique
compound::Bisabolene,compound::3033866,3033866,unique
compound::Bisabolol,compound::10586,10586,unique
compound::Borneol,compound::64685,64685,ambiguous
compound::Borneol,compound::6552009,6552009,ambiguous
compound::Bornyl Acetate,compound::6448,6448,unique
compound::Bornyl formate,compound::518472,518472,unique
compound::Bovolide,compound::6433214,6433214,unique
compound::Butyl 2-methylbutyrate,compound::61812,61812,unique
compound::Butyl Anthranilate,compound::24433,24433,unique
compound::Butyl Benzoate,compound::8698,8698,unique
compound::Butyl Formate,compound::11614,11614,unique
compound::Butyl Heptanoate,compound::21596,21596,unique
compound::Butyl Isovalerate,compound::7981,7981,unique
compound::Butyl Lactate,compound::8738,8738,unique
compound::Butyl Stearate,compound::31278,31278,unique
compound::Butyl acetate,compound::31272,31272,unique
compound::Butyl butyrate,compound::7983,7983,unique
compound::Butyl hexanoate,compound::12294,12294,unique
compound::Butyl isobutyrate,compound::7353,7353,unique
compound::Butyl isothiocyanate,compound::11613,11613,unique
compound::Butyl laurate,compound::61015,61015,unique
compound::Butyl pentanoate,compound::61137,61137,unique
compound::Butyl phenylacetate,compound::31210,31210,unique
compound::Butyl propionate,compound::11529,11529,unique
compound::Butyl propyl disulfide,compound::522458,522458,unique
compound::Butyl salicylate,compound::16330,16330,unique
compound::Butylamine,compound::8007,8007,unique
compound::Butylidenephthalide,compound::642376,642376,unique
compound::Butylphthalide,compound::61361,61361,unique
compound::CHEBI:49249,compound::403919,403919,unique
compound::CHEBI:88903,compound::6428573,6428573,unique
compound::CID 12305247,compound::12305247,12305247,unique
compound::CID 21159022,compound::21159022,21159022,unique
compound::CID 644104,compound::644104,644104,unique
compound::CID 9989713,compound::9989713,9989713,unique
compound::Calcium Iodate,compound::24619,24619,unique
compound::Calcium Oxide,compound::14778,14778,unique
compound::Camphene,compound::6616,6616,unique
compound::Campholenic aldehyde,compound::98497,98497,unique
compound::Capsaicin,compound::1548943,1548943,unique
"compound::Carotol, (+)-",compound::287687,287687,unique
compound::Carvacrol,compound::10364,10364,unique
compound::Carvacryl methyl ether,compound::80790,80790,unique
compound::Carveol,compound::7438,7438,unique
compound::Carvone,compound::7439,7439,unique
compound::Carvyl Acetate,compound::7335,7335,unique
compound::Caryophyllene,compound::5322111,5322111,unique
compound::Caryophyllene alcohol,compound::11746218,11746218,unique
compound::Caryophyllene oxide,compound::1742211,1742211,unique
compound::Cedr-8-ene,compound::6431015,6431015,unique
compound::Cedrelanol,compound::160799,160799,unique
compound::Cedrol,compound::65575,65575,unique
compound::Celestolide,compound::61585,61585,unique
compound::Chavicol,compound::68148,68148,unique
compound::Chrysoeriol,compound::5280666,5280666,unique
compound::Cianidanol,compound::9064,9064,unique
compound::Cinchonidine,compound::2757,2757,unique
compound::Cinnamic Acid,compound::444539,444539,unique
compound::Cinnamonitrile,compound::1550846,1550846,unique
compound::Cinnamyl acetate,compound::5282110,5282110,unique
compound::Citral,compound::638011,638011,unique
compound::Citronellal,compound::7794,7794,unique
compound::Citronellic acid,compound::10402,10402,unique
compound::Citronellol,compound::8842,8842,unique
compound::Citronellyl Valerate,compound::61416,61416,unique
compound::Citronellyl acetate,compound::9017,9017,unique
compound::Citronellyl butyrate,compound::8835,8835,unique
compound::Citronellyl formate,compound::7778,7778,unique
compound::Citronellyl propionate,compound::8834,8834,unique
compound::Clove Oil,compound::12658395,12658395,unique
compound::Coumestrol,compound::5281707,5281707,unique
compound::Crotonaldehyde,compound::447466,447466,unique
compound::Crypton,compound::92780,92780,unique
compound::Cubenol,compound::519857,519857,unique
compound::Cucurbitacine E,compound::5353547,5353547,unique
compound::Curcumene,compound::92139,92139,unique
compound::Curcumenol,compound::387977,387977,unique
compound::Cyclohexanol,compound::7966,7966,unique
compound::Cyclohexanone,compound::7967,7967,unique
"compound::Cyclohexene, 4-ethenyl-4-methyl-3-(1-methylethenyl)-1-(1-methylethyl)-, (3R-trans)-",compound::89316,89316,unique
compound::Cyclohexyl Acetate,compound::12146,12146,unique
compound::Cyclopentanone,compound::8452,8452,unique
compound::D-Camphor,compound::159055,159055,unique
compound::D-Fenchone,compound::1201521,1201521,unique
compound::D-Isoleucine Methyl Ester Hydrochloride,compound::53472027,53472027,unique
compound::D-Lactic acid,compound::61503,61503,unique
compound::D-Limonene,compound::440917,440917,unique
compound::D-Sorbitol,compound::5780,5780,unique
compound::D-mannitol,compound::6251,6251,unique
compound::DL-Liquiritigenin,compound::1889,1889,unique
compound::DL-Tartaric acid,compound::875,875,unique
compound::DL-Valine,compound::1182,1182,unique
compound::Daidzin,compound::107971,107971,unique
compound::Damascenone,compound::5366074,5366074,unique
compound::Dec-4-enal,compound::61875,61875,unique
compound::Decanal,compound::8175,8175,unique
compound::Decane,compound::15600,15600,unique
compound::Decanoic acid,compound::2969,2969,unique
compound::Decyl Acetate,compound::8167,8167,unique
compound::Decyl butyrate,compound::229387,229387,unique
compound::Dehydrodihydroionone,compound::577126,577126,unique
compound::Delta-Decalactone,compound::12810,12810,unique
compound::Delta-Dodecalactone,compound::12844,12844,unique
compound::Delta-Nonalactone,compound::18698,18698,unique
compound::Diacetone alcohol,compound::31256,31256,unique
compound::Diallyl Disulfide,compound::16590,16590,unique
compound::Diallyl Sulfide,compound::11617,11617,unique
compound::Diallyl tetrasulfide,compound::75552,75552,unique
compound::Diallyl trisulfide,compound::16315,16315,unique
compound::Dibutyl sulfide,compound::11002,11002,unique
compound::Dichloromethane,compound::6344,6344,unique
compound::Dicyclohexyl ketone,compound::8403,8403,unique
compound::Diethyl Disulfide,compound::8077,8077,unique
compound::Diethyl Malate,compound::24197,24197,unique
compound::Diethyl Malonate,compound::7761,7761,unique
compound::Diethyl Phthalate,compound::6781,6781,unique
compound::Diethyl Succinate,compound::31249,31249,unique
compound::Diethyl sulfide,compound::9609,9609,unique
compound::Diethylamine,compound::8021,8021,unique
compound::Difurfuryl Disulfide,compound::20499,20499,unique
compound::Difurfuryl ether,compound::263034,263034,unique
compound::Difurfuryl sulfide,compound::61659,61659,unique
compound::Dihydro-alpha-ionone,compound::35821,35821,unique
compound::Dihydro-beta-ionol,compound::579336,579336,unique
compound::Dihydro-beta-ionone,compound::519382,519382,unique
compound::Dihydrocarveol,compound::12072,12072,unique
compound::Dihydrocarvone,compound::24473,24473,unique
compound::Dihydrocarvyl acetate,compound::30248,30248,unique
compound::Dihydrojasmone,compound::62378,62378,unique
compound::Diisobutyl Phthalate,compound::6782,6782,unique
compound::Diisooctyl phthalate,compound::33934,33934,unique
compound::Diisopropyl disulfide,compound::77932,77932,unique
compound::Diisopropyl trisulfide,compound::80046,80046,unique
compound::Dill ether,compound::586292,586292,unique
compound::Dillapiole,compound::10231,10231,unique
compound::Dimethyl disulfide,compound::12232,12232,unique
compound::Dimethyl malonate,compound::7943,7943,unique
compound::Dimethyl sulfone,compound::6213,6213,unique
compound::Dimethyl trisulfide,compound::19310,19310,unique
compound::Dimethylmalonic Acid,compound::11686,11686,unique
compound::Diosphenol,compound::79023,79023,unique
compound::Dipentene,compound::22311,22311,unique
compound::Diphenyl oxide,compound::7583,7583,unique
compound::Dipropyl disulfide,compound::12377,12377,unique
compound::Dipropyl trisulfide,compound::22383,22383,unique
compound::Disodium 5'-inosinate,compound::20819,20819,unique
"compound::Disulfide, 1-methylpropyl propyl",compound::521902,521902,unique
"compound::Disulfide, methyl 1-propenyl",compound::5366552,5366552,unique
compound::Dl-Alanine,compound::602,602,unique
compound::Dl-Methionine,compound::876,876,unique
compound::Dl-Phenylalanine,compound::994,994,unique
compound::Docosane,compound::12405,12405,unique
compound::Dodecanal,compound::8194,8194,unique
compound::Dodecane,compound::8182,8182,unique
compound::Dodecyl Acetate,compound::8205,8205,unique
compound::Dodecylbenzene,compound::31237,31237,unique
compound::Eicosane,compound::8222,8222,unique
compound::Elaidic acid,compound::637517,637517,unique
compound::Elemicin,compound::10248,10248,unique
compound::Elemol,compound::92138,92138,unique
compound::Epoxylinalool,compound::22310,22310,unique
compound::Erucin,compound::78160,78160,unique
compound::Erythritol,compound::222285,222285,unique
compound::Estragole,compound::8815,8815,unique
compound::Ethanamine,compound::6341,6341,unique
compound::Ethanethiol,compound::6343,6343,unique
compound::Ethyl (methylthio)acetate,compound::78199,78199,unique
compound::Ethyl 2-aminobenzoate,compound::6877,6877,unique
compound::Ethyl 2-methylbutyrate,compound::24020,24020,unique
compound::Ethyl 2-octenoate,compound::5364399,5364399,unique
compound::Ethyl 3-(methylthio)propionate,compound::61592,61592,unique
compound::Ethyl 3-Hexenoate,compound::5362622,5362622,unique
compound::Ethyl 3-hydroxybutyrate,compound::62572,62572,unique
compound::Ethyl 3-hydroxyhexanoate,compound::61293,61293,unique
compound::Ethyl 3-methylpentanoate,compound::560255,560255,unique
compound::Ethyl 4-methoxybenzoate,compound::60979,60979,unique
compound::Ethyl 5-hexenoate,compound::6420258,6420258,unique
compound::Ethyl Acetate,compound::8857,8857,unique
compound::Ethyl Acrylate,compound::8821,8821,unique
compound::Ethyl Benzoate,compound::7165,7165,unique
compound::Ethyl Butyrate,compound::7762,7762,unique
compound::Ethyl Cinnamate,compound::637758,637758,unique
compound::Ethyl Crotonate,compound::429065,429065,unique
compound::Ethyl Decanoate,compound::8048,8048,unique
compound::Ethyl Formate,compound::8025,8025,unique
compound::Ethyl Heptanoate,compound::7797,7797,unique
compound::Ethyl Isobutyrate,compound::7342,7342,unique
compound::Ethyl Isovalerate,compound::7945,7945,unique
compound::Ethyl Lactate,compound::7344,7344,unique
compound::Ethyl Levulinate,compound::10883,10883,unique
compound::Ethyl Linoleate,compound::5282184,5282184,unique
compound::Ethyl Nonanoate,compound::31251,31251,unique
compound::Ethyl Octanoate,compound::7799,7799,unique
compound::Ethyl Palmitate,compound::12366,12366,unique
compound::Ethyl Phenylacetate,compound::7590,7590,unique
compound::Ethyl Propionate,compound::7749,7749,unique
compound::Ethyl Propyl Disulfide,compound::35349,35349,unique
compound::Ethyl Pyruvate,compound::12041,12041,unique
compound::Ethyl Sorbate,compound::1550470,1550470,unique
compound::Ethyl Stearate,compound::8122,8122,unique
compound::Ethyl Undecanoate,compound::12327,12327,unique
compound::Ethyl Vinyl Ketone,compound::15394,15394,unique
compound::Ethyl arachidonate,compound::5367369,5367369,unique
compound::Ethyl caproate,compound::31265,31265,unique
compound::Ethyl cis-4-octenoate,compound::5352770,5352770,unique
compound::Ethyl dodecanoate,compound::7800,7800,unique
compound::Ethyl elaidate,compound::5364430,5364430,unique
compound::Ethyl hex-2-enoate,compound::5364778,5364778,unique
compound::Ethyl isothiocyanate,compound::10966,10966,unique
compound::Ethyl methyl disulfide,compound::123388,123388,unique
compound::Ethyl methyl sulfide,compound::12230,12230,unique
compound::Ethyl oleate,compound::5363269,5363269,unique
compound::Ethyl palmitoleate,compound::6436624,6436624,unique
compound::Ethyl pentanoate,compound::10882,10882,unique
compound::Ethyl salicylate,compound::8365,8365,unique
compound::Ethyl tetradecanoate,compound::31283,31283,unique
compound::Ethyl tiglate,compound::5281163,5281163,unique
compound::Ethyl trans-2-decenoate,compound::5463904,5463904,unique
compound::Ethyl trans-4-decenoate,compound::5362583,5362583,unique
compound::Ethylcyclohexane,compound::15504,15504,unique
compound::Eucalyptol,compound::2758,2758,unique
compound::Falcarindiol,compound::5317309,5317309,unique
compound::Farnesal,compound::5280598,5280598,unique
compound::Farnesyl acetate,compound::638500,638500,unique
compound::Farnesyl acetone,compound::1711945,1711945,unique
compound::Farnesylacetone,compound::61206,61206,unique
compound::Fenchol,compound::15406,15406,unique
compound::Fenchone,compound::14525,14525,unique
compound::Fenchyl acetate,compound::107217,107217,unique
compound::Fisetin,compound::5281614,5281614,unique
compound::Flavone,compound::10680,10680,unique
compound::Furfuryl Alcohol,compound::7361,7361,unique
compound::Furfuryl acetate,compound::12170,12170,unique
compound::Furfuryl isovalerate,compound::61658,61658,unique
compound::Furfuryl mercaptan,compound::7363,7363,unique
compound::Furfuryl methyl disulfide,compound::62131,62131,unique
compound::Furfuryl methyl sulfide,compound::518937,518937,unique
compound::Furfuryl propionate,compound::61166,61166,unique
compound::Galegine sulfate,compound::88460,88460,unique
compound::Gallocatechin,compound::65084,65084,unique
compound::Gamma-Terpinene,compound::7461,7461,unique
compound::Gamma-undecalactone,compound::7714,7714,unique
compound::Ganoderic acid A,compound::14109402,14109402,unique
compound::Genkwanin,compound::5281617,5281617,unique
compound::Gentianine,compound::354616,354616,unique
compound::Geranic Acid,compound::5275520,5275520,unique
compound::Geraniol,compound::637566,637566,unique
compound::Geranyl Acetate,compound::1549026,1549026,unique
compound::Geranyl butyrate,compound::5355856,5355856,unique
compound::Geranyl formate,compound::5282109,5282109,unique
compound::Geranyl isobutyrate,compound::6086514,6086514,unique
compound::Geranyl propionate,compound::5355853,5355853,unique
compound::Geranylacetone,compound::1549778,1549778,unique
compound::Globulol,compound::101716,101716,unique
compound::Glucobrassicin,compound::9601691,9601691,unique
compound::Glutaric Acid,compound::743,743,unique
"compound::Glycerides, palm-oil mono- and di-, hydrogenated, 3-oxododecanoates",compound::92043681,92043681,unique
"compound::Glycerides, palm-oil mono- and di-, hydrogenated, 3-oxooctanoates",compound::118855872,118855872,unique
compound::Grosheimin,compound::99967,99967,unique
compound::Guaiene,compound::6949,6949,unique
compound::Guaiol,compound::227829,227829,unique
compound::HMDB05796,compound::22833654,22833654,unique
compound::Harmane,compound::5281404,5281404,unique
compound::Heneicosane,compound::12403,12403,unique
compound::Heptadecane,compound::12398,12398,unique
compound::Heptanal,compound::8130,8130,unique
compound::Heptane,compound::8900,8900,unique
compound::Heptanoic Acid,compound::8094,8094,unique
compound::Heptyl acetate,compound::8159,8159,unique
compound::Heptyl butyrate,compound::62592,62592,unique
compound::Heptyl formate,compound::8169,8169,unique
compound::Heptyl isothiocyanate,compound::78152,78152,unique
compound::Hexadecane,compound::11006,11006,unique
compound::Hexanal,compound::6184,6184,unique
compound::Hexane,compound::8058,8058,unique
compound::Hexanoic Acid,compound::8892,8892,unique
compound::Hexyl 2-methylbutanoate,compound::24838,24838,unique
compound::Hexyl Butyrate,compound::17525,17525,unique
compound::Hexyl Hexanoate,compound::22873,22873,unique
compound::Hexyl acetate,compound::8908,8908,unique
compound::Hexyl benzoate,compound::23235,23235,unique
compound::Hexyl cinnamic aldehyde,compound::1550884,1550884,unique
compound::Hexyl formate,compound::61177,61177,unique
compound::Hexyl isobutyrate,compound::16872,16872,unique
compound::Hexyl isothiocyanate,compound::78120,78120,unique
compound::Hexyl isovalerate,compound::61455,61455,unique
compound::Hexyl octanoate,compound::14228,14228,unique
compound::Hexyl phenylacetate,compound::221691,221691,unique
compound::Hexyl propionate,compound::88454,88454,unique
compound::Hinesol,compound::10878761,10878761,unique
compound::Hotrienol,compound::5366264,5366264,unique
compound::Humulene,compound::5281520,5281520,unique
compound::Hydroxyacetone,compound::8299,8299,unique
compound::Hydroxycitronellal,compound::7888,7888,unique
compound::Isoamyl Acetate,compound::31276,31276,unique
compound::Isoamyl Isovalerate,compound::12613,12613,unique
compound::Isoamyl butyrate,compound::7795,7795,unique
compound::Isoamyl laurate,compound::61386,61386,unique
compound::Isoamyl mercaptan,compound::10925,10925,unique
compound::Isoamyl nonanoate,compound::522676,522676,unique
compound::Isoamyl propionate,compound::7772,7772,unique
compound::Isoamyl salicylate,compound::6874,6874,unique
compound::Isoamylamine,compound::7894,7894,unique
compound::Isoborneol,compound::6321405,6321405,unique
compound::Isobornyl acetate,compound::247573,247573,unique
compound::Isobutyl Acetate,compound::8038,8038,unique
compound::Isobutyl Formate,compound::10957,10957,unique
compound::Isobutyl Isovalerate,compound::11514,11514,unique
compound::Isobutyl benzoate,compound::61048,61048,unique
compound::Isobutyl butyrate,compound::10885,10885,unique
compound::Isobutyl hexanoate,compound::7775,7775,unique
compound::Isobutyl isobutyrate,compound::7351,7351,unique
compound::Isobutyl isothiocyanate,compound::68960,68960,unique
compound::Isobutyl mercaptan,compound::10558,10558,unique
compound::Isobutyl phenylacetate,compound::60998,60998,unique
compound::Isobutyl propionate,compound::10895,10895,unique
compound::Isobutylamine,compound::6558,6558,unique
compound::Isobutyraldehyde,compound::6561,6561,unique
compound::Isobutyric Acid,compound::6590,6590,unique
compound::Isoeugenol,compound::853433,853433,unique
compound::Isoflavone,compound::72304,72304,unique
compound::Isomenthone,compound::6432469,6432469,unique
compound::Isopentyl benzoate,compound::7193,7193,unique
compound::Isopentyl cinnamate,compound::5273467,5273467,unique
compound::Isopentyl formate,compound::8052,8052,unique
compound::Isopentyl hexanoate,compound::16617,16617,unique
compound::Isopentyl isobutyrate,compound::519786,519786,unique
compound::Isopentyl octanoate,compound::16255,16255,unique
compound::Isophorone,compound::6544,6544,unique
compound::Isophytol,compound::10453,10453,unique
compound::Isopinocamphone,compound::84532,84532,unique
compound::Isopropenylpyrazine,compound::62897,62897,unique
compound::Isopropyl 2-methylbutyrate,compound::522214,522214,unique
compound::Isopropyl Acetate,compound::7915,7915,unique
compound::Isopropyl Benzoate,compound::13654,13654,unique
compound::Isopropyl Formate,compound::12257,12257,unique
compound::Isopropyl Hexanoate,compound::16832,16832,unique
compound::Isopropyl Isobutyrate,compound::12044,12044,unique
compound::Isopropyl Myristate,compound::8042,8042,unique
compound::Isopropyl Propionate,compound::12508,12508,unique
compound::Isopropyl butyrate,compound::61184,61184,unique
compound::Isopropyl isothiocyanate,compound::75263,75263,unique
compound::Isopropylamine,compound::6363,6363,unique
compound::Isopulegol,compound::170833,170833,unique
compound::Isopulegol acetate,compound::94579,94579,unique
compound::Isopulegone,compound::34645,34645,unique
compound::Isoquercitrin,compound::5280804,5280804,unique
compound::Isoquinoline,compound::8405,8405,unique
compound::Isorhamnetin,compound::5281654,5281654,unique
compound::Isovaleric Acid,compound::10430,10430,unique
compound::Isoxanthohumol,compound::513197,513197,unique
compound::Jasmine lactone,compound::5352626,5352626,unique
compound::Juniper camphor,compound::5318734,5318734,unique
compound::L-Lactic acid,compound::107689,107689,unique
compound::L-Malic acid,compound::222656,222656,unique
compound::L-Menthyl acetate,compound::220674,220674,unique
compound::L-Rhamnose,compound::25310,25310,unique
compound::L-arginine,compound::6322,6322,unique
compound::L-aspartic acid,compound::5960,5960,unique
compound::L-glutamic acid,compound::33032,33032,unique
compound::L-histidine,compound::6274,6274,unique
compound::L-lysine,compound::5962,5962,unique
compound::L-phenylalanine,compound::6140,6140,unique
compound::Lauryl 3-mercaptopropionate,compound::80796,80796,unique
compound::Lavender lactone,compound::102550,102550,unique
compound::Levomenol,compound::442343,442343,unique
compound::Levulinic Acid,compound::11579,11579,unique
compound::Lilac aldehyde,compound::155007,155007,unique
compound::Limonen-10-yl acetate,compound::61781,61781,unique
compound::Linalool,compound::6549,6549,unique
compound::Linalool A oxide,compound::6432254,6432254,unique
compound::Linaloyl oxide,compound::522514,522514,unique
compound::Linalyl Acetate,compound::8294,8294,unique
compound::Linalyl benzoate,compound::31353,31353,unique
compound::Linalyl formate,compound::61040,61040,unique
compound::Linalyl isobutyrate,compound::6532,6532,unique
compound::Linalyl octanoate,compound::61435,61435,unique
compound::Linalyl propionate,compound::61098,61098,unique
compound::Linamarin,compound::11128,11128,unique
compound::Longifolene,compound::289151,289151,unique
compound::Lycopene,compound::446925,446925,unique
compound::M-Cymene,compound::10812,10812,unique
compound::M-Xylene,compound::7929,7929,unique
compound::MLS002607979,compound::235284,235284,unique
compound::MLS002702988,compound::5353545,5353545,unique
compound::Maltol,compound::8369,8369,unique
compound::Menthofuran,compound::329983,329983,unique
compound::Menthone,compound::26447,26447,unique
compound::Menthyl acetate,compound::27867,27867,unique
compound::Menthyl isovalerate,compound::565690,565690,unique
compound::Mesityl Oxide,compound::8858,8858,unique
compound::Mesitylene,compound::7947,7947,unique
compound::Methanedithiol,compound::138818,138818,unique
compound::Methialdol,compound::6428936,6428936,unique
compound::Methyl (Z)-oct-4-enoate,compound::5352774,5352774,unique
compound::Methyl (methylthio)acetate,compound::85522,85522,unique
compound::Methyl 2-(dimethylamino)benzoate,compound::82336,82336,unique
compound::Methyl 2-(methylamino)benzoate,compound::6826,6826,unique
compound::Methyl 2-Hexenoate,compound::5364409,5364409,unique
compound::Methyl 2-furoate,compound::11902,11902,unique
compound::Methyl 2-methoxybenzoate,compound::61151,61151,unique
compound::Methyl 2-methylbutyrate,compound::13357,13357,unique
compound::Methyl 2-methylpentanoate,compound::519890,519890,unique
compound::Methyl 3-(methylthio)propionate,compound::61641,61641,unique
compound::Methyl 3-hydroxyhexanoate,compound::519845,519845,unique
compound::Methyl 3-nonenoate,compound::5366844,5366844,unique
compound::Methyl 3-phenylpropionate,compound::7643,7643,unique
compound::Methyl 4-(methylthio)butyrate,compound::65425,65425,unique
compound::Methyl 4-Methoxybenzoate,compound::8499,8499,unique
compound::Methyl 4-hydroxybenzoate,compound::7456,7456,unique
compound::Methyl 4-methylvalerate,compound::17008,17008,unique
compound::Methyl 5-acetoxyhexanoate,compound::526152,526152,unique
compound::Methyl Acetate,compound::6584,6584,unique
compound::Methyl Anthranilate,compound::8635,8635,unique
compound::Methyl Benzoate,compound::7150,7150,unique
compound::Methyl Dodecanoate,compound::8139,8139,unique
compound::Methyl Heptanoate,compound::7826,7826,unique
compound::Methyl Hexanoate,compound::7824,7824,unique
compound::Methyl Isobutyrate,compound::11039,11039,unique
compound::Methyl Isothiocyanate,compound::11167,11167,unique
compound::Methyl Linoleate,compound::5284421,5284421,unique
compound::Methyl Linolenate,compound::5319706,5319706,unique
compound::Methyl Nicotinate,compound::7151,7151,unique
compound::Methyl Nonanoate,compound::15606,15606,unique
compound::Methyl Palmitate,compound::8181,8181,unique
compound::Methyl Phenylacetate,compound::7559,7559,unique
compound::Methyl Propionate,compound::11124,11124,unique
compound::Methyl Stearate,compound::8201,8201,unique
compound::Methyl Thiocyanate,compound::11168,11168,unique
compound::Methyl Valerate,compound::12206,12206,unique
compound::Methyl butyrate,compound::12180,12180,unique
compound::Methyl cinnamate,compound::637520,637520,unique
compound::Methyl cis-cinnamate,compound::6428458,6428458,unique
compound::Methyl citronellate,compound::61290,61290,unique
compound::Methyl cyclohexanecarboxylate,compound::20748,20748,unique
compound::Methyl dl-jasmonate,compound::6428089,6428089,unique
compound::Methyl isovalerate,compound::11160,11160,unique
compound::Methyl jasmonate,compound::5281929,5281929,ambiguous
compound::Methyl jasmonate,compound::5367719,5367719,ambiguous
compound::Methyl oct-2-enoate,compound::5364532,5364532,unique
compound::Methyl octanoate,compound::8091,8091,unique
compound::Methyl phenyl disulfide,compound::84234,84234,unique
compound::Methyl propenyl ketone,compound::637920,637920,unique
compound::Methyl propyl disulfide,compound::16592,16592,unique
compound::Methyl propyl sulfide,compound::19754,19754,unique
compound::Methyl propyl trisulfide,compound::5319765,5319765,unique
compound::Methyl sorbate,compound::5323650,5323650,unique
compound::Methyl tetradecanoate,compound::31284,31284,unique
compound::Methylcyclohexane,compound::7962,7962,unique
compound::Methyleugenol,compound::7127,7127,unique
compound::Methylisoeugenol,compound::637776,637776,unique
compound::Myrcene,compound::31253,31253,unique
compound::Myrcenol,compound::10975,10975,unique
compound::Myrcenyl acetate,compound::14235,14235,unique
compound::Myristicin,compound::4276,4276,unique
compound::Myrtenal,compound::61130,61130,unique
compound::Myrtenol,compound::10582,10582,unique
compound::Myrtenyl acetate,compound::61262,61262,unique
compound::NSC5112,compound::5284639,5284639,unique
"compound::Naphthalene, 1,2,4a,5,8,8a-hexahydro-4,7-dimethyl-1-(1-methylethyl)-",compound::521380,521380,unique
compound::Naringen,compound::85704,85704,unique
compound::Neral,compound::643779,643779,unique
compound::Nerol oxide,compound::61275,61275,unique
compound::Nerolidol,compound::5284507,5284507,unique
compound::Nerolidyl acetate,compound::98043,98043,unique
compound::Neryl acetate,compound::1549025,1549025,unique
compound::Neryl butyrate,compound::5352162,5352162,unique
compound::Neryl formate,compound::5354882,5354882,unique
compound::Neryl propionate,compound::5365982,5365982,unique
compound::Nerylacetone,compound::1713001,1713001,unique
compound::Nobiletin,compound::72344,72344,unique
compound::Nomilin,compound::326240,326240,unique
compound::Nonadecane,compound::12401,12401,unique
compound::Nonanal,compound::31289,31289,unique
compound::Nonane,compound::8141,8141,unique
compound::Nonanoic Acid,compound::8158,8158,unique
compound::Nonivamide,compound::2998,2998,unique
compound::Nonyl Acetate,compound::8918,8918,unique
compound::Nonyl octanoate,compound::589365,589365,unique
compound::Nootkatone,compound::1268142,1268142,unique
compound::Nopol,compound::31408,31408,unique
compound::O-Xylene,compound::7237,7237,unique
compound::Ocimen quintoxide,compound::6436627,6436627,unique
compound::Ocimene,compound::5281553,5281553,unique
compound::Ocimene quintoxide,compound::5363526,5363526,unique
compound::Octadecane,compound::11635,11635,unique
compound::Octadienal,compound::61874,61874,unique
compound::Octan-2-ol,compound::20083,20083,unique
compound::Octan-2-one,compound::8093,8093,unique
compound::Octanal,compound::454,454,unique
"compound::Octane-2,3-dione",compound::11449,11449,unique
compound::Octyl 2-furoate,compound::62901,62901,unique
compound::Octyl 2-methylbutyrate,compound::520455,520455,unique
compound::Octyl acetate,compound::8164,8164,unique
compound::Octyl butyrate,compound::61030,61030,unique
compound::Octyl isobutyrate,compound::61024,61024,unique
compound::Octyl isovalerate,compound::228769,228769,unique
compound::Octyl propionate,compound::61096,61096,unique
compound::Oleuropein,compound::5281544,5281544,unique
compound::Oxirane,compound::6354,6354,unique
compound::Oxycanthine,compound::371257,371257,unique
compound::P-Cresol,compound::2879,2879,unique
compound::P-Cymene,compound::7463,7463,unique
compound::P-Menth-1-en-9-yl acetate,compound::527144,527144,unique
"compound::P-Mentha-2,8-dien-1-ol",compound::155626,155626,unique
compound::P-Xylene,compound::7809,7809,unique
compound::Paradol,compound::94378,94378,unique
compound::Pentadecanal,compound::17697,17697,unique
compound::Pentadecane,compound::12391,12391,unique
compound::Pentadecanoic Acid,compound::13849,13849,unique
compound::Pentadecyl acrylate,compound::543579,543579,unique
compound::Pentanal,compound::8063,8063,unique
compound::Pentane,compound::8003,8003,unique
compound::Pentyl Benzoate,compound::16296,16296,unique
compound::Pentyl Butyrate,compound::10890,10890,unique
compound::Pentyl Hexanoate,compound::10886,10886,unique
compound::Pentyl formate,compound::12529,12529,unique
compound::Pentyl isothiocyanate,compound::69415,69415,unique
compound::Pentyl valerate,compound::62433,62433,unique
compound::Perilla alcohol,compound::10819,10819,unique
compound::Perillaldehyde,compound::16441,16441,unique
compound::Perillen,compound::68316,68316,unique
compound::Perillyl acetate,compound::61780,61780,unique
compound::Peruviol,compound::5356544,5356544,unique
compound::Phenethyl 2-methylbutyrate,compound::520148,520148,unique
compound::Phenethyl acetate,compound::7654,7654,unique
compound::Phenethyl benzoate,compound::7194,7194,unique
compound::Phenethyl butyrate,compound::7658,7658,unique
compound::Phenethyl isobutyrate,compound::7655,7655,unique
compound::Phenethyl isothiocyanate,compound::16741,16741,unique
compound::Phenethylamine,compound::1001,1001,unique
compound::Phenoxyacetic Acid,compound::19188,19188,unique
compound::Phenylacetic Acid,compound::999,999,unique
compound::Phenylacetonitrile,compound::8794,8794,unique
compound::Phenylethyl isovalerate,compound::8792,8792,unique
compound::Phlorizin,compound::6072,6072,unique
compound::Phytane,compound::12523,12523,unique
compound::Phytol,compound::145386,145386,ambiguous
compound::Phytol,compound::5280435,5280435,ambiguous
compound::Phytol,compound::5366244,5366244,ambiguous
compound::Pinocarveol,compound::102667,102667,unique
compound::Pinocarvone,compound::121719,121719,unique
compound::Piperidine,compound::8082,8082,unique
compound::Piperitenone,compound::381152,381152,unique
compound::Piperitenone oxide,compound::61942,61942,unique
compound::Piperitol,compound::10282,10282,unique
compound::Piperitone,compound::6987,6987,unique
compound::Piperonal,compound::8438,8438,unique
compound::Potassium Nitrate,compound::24434,24434,unique
compound::Potassium Sorbate,compound::23676745,23676745,unique
compound::Prenylthiol,compound::146586,146586,unique
compound::Pristane,compound::15979,15979,unique
compound::Propenyl propyl disulfide,compound::5320722,5320722,unique
compound::Propionaldehyde,compound::527,527,unique
compound::Propiophenone,compound::7148,7148,unique
"compound::Propyl 2,4-decadienoate",compound::5362592,5362592,unique
compound::Propyl Benzoate,compound::16846,16846,unique
compound::Propyl Formate,compound::8073,8073,unique
compound::Propyl Hexanoate,compound::12293,12293,unique
compound::Propyl Isobutyrate,compound::12571,12571,unique
compound::Propyl Isovalerate,compound::11176,11176,unique
compound::Propyl Propionate,compound::7803,7803,unique
compound::Propyl acetate,compound::7997,7997,unique
compound::Propyl butyrate,compound::7770,7770,unique
compound::Propyl heptanoate,compound::229377,229377,unique
compound::Propyl sulfide,compound::8118,8118,unique
compound::Propylamine,compound::7852,7852,unique
compound::Prunetin,compound::5281804,5281804,unique
compound::Prunin,compound::92794,92794,unique
compound::Pseudoionone,compound::1757003,1757003,unique
compound::Pulegone,compound::6988,6988,unique
compound::Pyrazine,compound::9261,9261,unique
compound::Pyridine,compound::1049,1049,unique
compound::Pyrrole,compound::8027,8027,unique
compound::Pyrrolidine,compound::31268,31268,unique
compound::Pyruvic acid,compound::1060,1060,unique
compound::Quercetagetin,compound::5281680,5281680,unique
compound::Quinoline,compound::7047,7047,unique
compound::Retinyl Acetate,compound::638034,638034,unique
compound::Rose oxide,compound::27866,27866,unique
compound::S-Ethyl ethanethioate,compound::61171,61171,unique
compound::S-Furfuryl thioacetate,compound::61660,61660,unique
compound::S-Methyl 2-furancarbothioate,compound::61662,61662,unique
compound::S-Methyl 2-methylbutanethioate,compound::65285,65285,unique
compound::S-Methyl 3-methylbutanethioate,compound::90246,90246,unique
compound::S-Methyl hexanethioate,compound::75515,75515,unique
compound::S-Methyl propanethioate,compound::521869,521869,unique
compound::S-Methyl thioacetate,compound::73750,73750,unique
compound::S-Methyl thiobutyrate,compound::62444,62444,unique
compound::S-Propyl thioacetate,compound::61295,61295,unique
compound::S-allyl-L-cysteine,compound::9793905,9793905,unique
compound::STK020088,compound::521332,521332,unique
compound::STK737742,compound::3648225,3648225,unique
compound::Sabinene,compound::18818,18818,unique
compound::Sabinene hydrate,compound::11744854,11744854,ambiguous
compound::Sabinene hydrate,compound::62367,62367,ambiguous
compound::Safranal,compound::61041,61041,unique
compound::Salicylaldehyde,compound::6998,6998,unique
compound::Santalene,compound::94164,94164,unique
"compound::Santalol, alpha- and beta-",compound::24832101,24832101,unique
compound::Saupirin,compound::181128,181128,unique
compound::Scutellarein,compound::5281697,5281697,unique
compound::Sedanenolide,compound::173843,173843,unique
compound::Sedanolide,compound::5018391,5018391,unique
compound::Silica,compound::24261,24261,unique
compound::Sinapic Acid,compound::637775,637775,unique
compound::Sinensetin,compound::145659,145659,unique
compound::Sinigrin,compound::6911854,6911854,unique
compound::Spathulenol,compound::522266,522266,ambiguous
compound::Spathulenol,compound::92231,92231,ambiguous
compound::Styrene,compound::7501,7501,unique
compound::Syringaldehyde,compound::8655,8655,unique
compound::T-Muurolol,compound::3084331,3084331,unique
compound::Tangeretin,compound::68077,68077,unique
compound::Taxifolin,compound::439533,439533,unique
compound::Terpinen-4-ol,compound::11230,11230,unique
compound::Terpinolene,compound::11463,11463,unique
compound::Terpinyl formate,compound::16537,16537,unique
compound::Terpinyl propionate,compound::62328,62328,unique
compound::Tetracontane,compound::20149,20149,unique
compound::Tetradecanal,compound::31291,31291,unique
compound::Tetradecane,compound::12389,12389,unique
compound::Tetradecanoic acid,compound::11005,11005,unique
compound::Tetrahydrofurfuryl Alcohol,compound::7360,7360,unique
compound::Tetrahydrothiophen-3-one,compound::61252,61252,unique
"compound::Tetrasulfide, dimethyl",compound::79828,79828,unique
compound::Theaspirane,compound::61953,61953,unique
compound::Thiamine Hydrochloride,compound::6202,6202,unique
compound::Thiazole,compound::9256,9256,unique
compound::Thioanisole,compound::7520,7520,unique
compound::Thiophene-2-carbaldehyde,compound::7364,7364,unique
compound::Thymol,compound::6989,6989,unique
compound::Thymol methyl ether,compound::14104,14104,unique
compound::Thymoquinone,compound::10281,10281,unique
compound::Tiglic Acid,compound::125468,125468,unique
compound::Tiglic aldehyde,compound::5321950,5321950,unique
compound::Tributyrin,compound::6050,6050,unique
compound::Tricetin,compound::5281701,5281701,unique
compound::Tricosane,compound::12534,12534,unique
compound::Tridecanal,compound::25311,25311,unique
compound::Tridecane,compound::12388,12388,unique
compound::Triethyl Citrate,compound::6506,6506,unique
compound::UNII-3KCT4WMT7E,compound::1711944,1711944,unique
compound::UNII-847O2V0IOA,compound::642793,642793,unique
compound::UNII-89JV2MJ158,compound::6427788,6427788,unique
compound::UNII-H5E892YJGG,compound::529388,529388,unique
compound::UNII-M41Y60O5BZ,compound::12376292,12376292,unique
compound::UNII-P6B6JD2N2Z,compound::6427787,6427787,unique
compound::UNII-R1AUQ945JN,compound::111274,111274,unique
compound::Undecanal,compound::8186,8186,unique
compound::Undecane,compound::14257,14257,unique
compound::Undecanoic Acid,compound::8180,8180,unique
compound::Valencen,compound::288227,288227,unique
compound::Valencene,compound::9855795,9855795,unique
compound::Valeric acid,compound::7991,7991,unique
compound::Valerophenone,compound::66093,66093,unique
compound::Vanillic acid,compound::8468,8468,unique
compound::Vanillylacetone,compound::31211,31211,unique
compound::Verbenol,compound::61126,61126,unique
compound::Verbenone,compound::65724,65724,unique
compound::Violet leaf aldehyde,compound::643731,643731,unique
compound::Vitamin U,compound::16217806,16217806,unique
compound::Vitispirane,compound::6450832,6450832,unique
compound::Vomifoliol,compound::5280462,5280462,unique
compound::WLN: R1U1VO1R,compound::15558051,15558051,unique
compound::Whiskey lactone,compound::62900,62900,unique
compound::Xanthohumol,compound::639665,639665,unique
compound::Xanthoxylin,compound::66654,66654,unique
compound::acetaldehyde,compound::177,177,unique
compound::acetamide,compound::178,178,unique
compound::acetic acid,compound::176,176,unique
compound::acetoin,compound::179,179,unique
compound::acetone,compound::180,180,unique
compound::adipic acid,compound::196,196,unique
compound::alpha-Angelica lactone,compound::11559,11559,unique
compound::alpha-Asarone,compound::636822,636822,unique
compound::alpha-Bergamotene,compound::86608,86608,unique
compound::alpha-Bisabolene,compound::86597,86597,unique
compound::alpha-Cadinene,compound::12306048,12306048,unique
compound::alpha-Cadinol,compound::10398656,10398656,unique
compound::alpha-Damascone,compound::5366077,5366077,unique
compound::alpha-Eudesmol,compound::92762,92762,unique
compound::alpha-Farnesene,compound::5281516,5281516,unique
compound::alpha-Fenchene,compound::28930,28930,unique
compound::alpha-Ionol,compound::5363817,5363817,unique
compound::alpha-Irone,compound::5371002,5371002,unique
compound::alpha-L-Sorbopyranose,compound::441484,441484,unique
compound::alpha-Maltose,compound::439341,439341,unique
compound::alpha-Methyl cinnamaldehyde,compound::5354896,5354896,unique
compound::alpha-Muurolene,compound::12306047,12306047,unique
compound::alpha-TERPINEOL,compound::17100,17100,unique
compound::alpha-Thujone,compound::261491,261491,unique
compound::apigenin,compound::5280443,5280443,unique
compound::arbutin,compound::440936,440936,unique
compound::azepan-2-one,compound::7768,7768,unique
compound::benzaldehyde,compound::240,240,unique
compound::benzoic acid,compound::243,243,unique
compound::benzyl alcohol,compound::244,244,unique
compound::benzyl isothiocyanate,compound::2346,2346,unique
compound::beta-Bisabolene,compound::10104370,10104370,unique
compound::beta-Bisabolol,compound::27208,27208,unique
compound::beta-Caryophyllene alcohol,compound::61125,61125,unique
compound::beta-Cedrene,compound::11106485,11106485,unique
compound::beta-Cubebene,compound::93081,93081,unique
compound::beta-Cyclocitral,compound::9895,9895,unique
compound::beta-Damascone,compound::5374527,5374527,unique
compound::beta-Eudesmol,compound::91457,91457,unique
compound::beta-Gurjunene,compound::6450812,6450812,unique
compound::beta-Ionol,compound::5373729,5373729,unique
compound::beta-SANTALOL,compound::6857681,6857681,unique
compound::beta-Sinensal,compound::5281535,5281535,unique
compound::beta-cis-farnesene,compound::5317319,5317319,unique
compound::betaine,compound::247,247,unique
compound::butyraldehyde,compound::261,261,unique
compound::butyric acid,compound::264,264,unique
compound::caffeine,compound::2519,2519,unique
compound::caftaric acid,compound::6440397,6440397,unique
compound::calcium lactate,compound::13144,13144,unique
compound::carnosol,compound::442009,442009,unique
compound::chrysin,compound::5281607,5281607,unique
compound::cinnamaldehyde,compound::637511,637511,unique
compound::cinnamyl alcohol,compound::5315892,5315892,unique
"compound::cis-1,4-Dimethylcyclohexane",compound::11523,11523,unique
compound::cis-2-Hexen-1-ol,compound::5324489,5324489,unique
compound::cis-2-Nonen-1-ol,compound::5365027,5365027,unique
compound::cis-2-Nonenal,compound::5354833,5354833,unique
compound::cis-2-Penten-1-ol,compound::5364919,5364919,unique
compound::cis-3-Hexenal,compound::643941,643941,unique
compound::cis-3-Hexenyl acetate,compound::5363388,5363388,unique
compound::cis-3-Hexenyl benzoate,compound::5367706,5367706,unique
compound::cis-3-Hexenyl crotonate,compound::16220110,16220110,unique
compound::cis-3-Hexenyl formate,compound::5365587,5365587,unique
compound::cis-3-Hexenyl hexanoate,compound::5352543,5352543,unique
compound::cis-3-Hexenyl isovalerate,compound::5367681,5367681,unique
compound::cis-3-Hexenyl lactate,compound::5364231,5364231,unique
compound::cis-3-Hexenyl pentanoate,compound::5367682,5367682,unique
compound::cis-3-Hexenyl propionate,compound::5365049,5365049,unique
compound::cis-3-Hexenyl pyruvate,compound::5363291,5363291,unique
compound::cis-3-Octen-1-ol,compound::5364519,5364519,unique
compound::cis-4-Heptenal,compound::5362814,5362814,unique
compound::cis-5-Octen-1-ol,compound::5352837,5352837,unique
compound::cis-6-Nonen-1-ol,compound::5362792,5362792,unique
compound::cis-6-Nonenal,compound::5362720,5362720,unique
compound::cis-Aconitic acid,compound::643757,643757,unique
compound::cis-Anethole,compound::1549040,1549040,unique
compound::cis-Carvyl acetate,compound::102024,102024,unique
compound::cis-Cinnamaldehyde,compound::6428995,6428995,unique
compound::cis-Cinnamic acid,compound::5372954,5372954,unique
compound::cis-Crotonaldehyde,compound::643950,643950,unique
compound::cis-Isoeugenol,compound::1549041,1549041,unique
compound::cis-Jasmone,compound::1549018,1549018,unique
compound::cis-Methylisoeugenol,compound::1549045,1549045,unique
"compound::cis-limonene 1,2 oxide",compound::6430738,6430738,unique
compound::citric acid,compound::311,311,unique
compound::coumarin,compound::323,323,unique
compound::d-Carvone,compound::16724,16724,unique
compound::d-Piperitone,compound::61362,61362,unique
compound::daidzein,compound::5281708,5281708,unique
compound::delta-Hexalactone,compound::13204,13204,unique
compound::delta-Octanolactone,compound::12777,12777,unique
compound::delta-Tetradecalactone,compound::520296,520296,unique
compound::delta-Undecalactone,compound::61204,61204,unique
compound::dibutyl phthalate,compound::3026,3026,unique
compound::dihydrocoumarin,compound::660,660,unique
compound::dimethyl sulfide,compound::1068,1068,unique
compound::dimethyl sulfoxide,compound::679,679,unique
compound::dimethylamine,compound::674,674,unique
compound::dl-Codamine,compound::89421,89421,unique
compound::ethanol,compound::702,702,unique
compound::ethyl 3-acetoxy-2-methylbutanoate,compound::263620,263620,unique
compound::ethyl acetoacetate,compound::8868,8868,unique
compound::ethyl methyl trisulfide,compound::525358,525358,unique
compound::eugenol,compound::3314,3314,unique
compound::farnesol,compound::445070,445070,unique
compound::formic acid,compound::284,284,unique
compound::furan-2-ylmethyl pentanoate,compound::61955,61955,unique
compound::gamma-Butyrolactone,compound::7302,7302,unique
compound::gamma-Caprolactone,compound::12756,12756,unique
compound::gamma-Decalactone,compound::12813,12813,unique
compound::gamma-Dodecalactone,compound::16821,16821,unique
compound::gamma-Eudesmol,compound::6432005,6432005,unique
compound::gamma-Heptalactone,compound::7742,7742,unique
compound::gamma-Ionone,compound::5363741,5363741,unique
compound::gamma-Nonanolactone,compound::7710,7710,unique
compound::gamma-Selinene,compound::521334,521334,unique
compound::gamma-Terpineol,compound::11467,11467,unique
compound::gamma-Valerolactone,compound::7921,7921,unique
compound::gingerol,compound::3473,3473,unique
compound::glycerol,compound::753,753,unique
compound::guaiacol,compound::460,460,unique
compound::hydrochloric acid,compound::313,313,unique
compound::hydrogen cyanide,compound::768,768,unique
compound::hydrogen peroxide,compound::784,784,unique
compound::hydrogen sulfide,compound::402,402,unique
compound::indole,compound::798,798,unique
compound::indole-3-acetic acid,compound::802,802,unique
compound::isoliquiritigenin,compound::638278,638278,unique
compound::isopropanol,compound::3776,3776,unique
compound::kaempferol,compound::5280863,5280863,unique
compound::l-.alpha.-Cadinol,compound::519662,519662,unique
compound::l-Menthol,compound::16666,16666,unique
compound::l-alpha-Fenchone,compound::82229,82229,unique
compound::l-ascorbic acid,compound::54670067,54670067,unique
compound::lactic acid,compound::612,612,unique
compound::lanatoside C,compound::3879,3879,unique
compound::lauric acid,compound::3893,3893,unique
compound::linoleic acid,compound::5280450,5280450,unique
compound::luteolin,compound::5280445,5280445,unique
compound::m-cresol,compound::342,342,unique
compound::methanethiol,compound::878,878,unique
compound::methoxsalen,compound::4114,4114,unique
"compound::methyl (9E,12Z)-octadeca-9,12-dienoate",compound::5462988,5462988,unique
compound::methyl salicylate,compound::4133,4133,unique
compound::methylglyoxal,compound::880,880,unique
compound::morin,compound::5281670,5281670,unique
compound::n-Propyl nitrite,compound::10979,10979,unique
compound::naphthalene,compound::931,931,unique
compound::naringenin,compound::439246,439246,unique
compound::naringin,compound::442428,442428,unique
compound::nerol,compound::643820,643820,unique
compound::nicotine,compound::89594,89594,unique
compound::noscapine,compound::275196,275196,unique
compound::o-cresol,compound::335,335,unique
compound::octane,compound::356,356,unique
compound::octanoic acid,compound::379,379,unique
compound::oleic acid,compound::445639,445639,unique
compound::oxalic acid,compound::971,971,unique
compound::p-Camphorene,compound::101750,101750,unique
compound::p-Menth-1-en-9-ol,compound::86753,86753,unique
"compound::p-Menth-8-ene-1,2-diol",compound::94217,94217,unique
"compound::p-Mentha-1,3,8-triene",compound::176983,176983,unique
compound::p-Menthan-2-ol,compound::62350,62350,unique
compound::p-Menthane,compound::7459,7459,unique
compound::p-Menthene-8-thiol,compound::6427135,6427135,unique
compound::p-Tolualdehyde,compound::7725,7725,unique
compound::p-Tolyl isovalerate,compound::62092,62092,unique
compound::p-coumaric acid,compound::637542,637542,unique
compound::palmitic acid,compound::985,985,unique
compound::palmitoleic acid,compound::445638,445638,unique
compound::papaverine,compound::4680,4680,unique
compound::parthenolide,compound::6473881,6473881,unique
compound::phenol,compound::996,996,unique
compound::phenylacetaldehyde,compound::998,998,unique
compound::phloretin,compound::4788,4788,unique
compound::piperine,compound::638024,638024,unique
compound::propionic acid,compound::1032,1032,unique
compound::propyl gallate,compound::4947,4947,unique
compound::quercetin,compound::5280343,5280343,unique
compound::resorcinol,compound::5054,5054,unique
compound::resveratrol,compound::445154,445154,unique
compound::rosefuran,compound::84825,84825,unique
compound::safrole,compound::5144,5144,unique
compound::salicylic acid,compound::338,338,unique
compound::sec-Butyl Disulfide,compound::94314,94314,unique
compound::sec-Butyl isothiocyanate,compound::78151,78151,unique
compound::stearic acid,compound::5281,5281,unique
compound::succinic acid,compound::1110,1110,unique
compound::sulfur dioxide,compound::1119,1119,unique
compound::taurine,compound::1123,1123,unique
compound::theobromine,compound::5429,5429,unique
compound::thiamine,compound::1130,1130,unique
compound::toluene,compound::1140,1140,unique
"compound::trans,cis-2,6-Nonadien-1-ol",compound::5362833,5362833,unique
"compound::trans,trans-2,4-Heptadienal",compound::5283321,5283321,unique
"compound::trans,trans-2,4-Nonadienal",compound::5283339,5283339,unique
compound::trans-.alpha.-bergaptene,compound::6428986,6428986,unique
compound::trans-2-Decenal,compound::5283345,5283345,unique
compound::trans-2-Dodecenal,compound::5283361,5283361,unique
compound::trans-2-Hexen-1-Ol,compound::5318042,5318042,unique
compound::trans-2-Hexenal,compound::5281168,5281168,unique
compound::trans-2-Hexenoic acid,compound::5282707,5282707,unique
compound::trans-2-Hexenyl acetate,compound::2733294,2733294,unique
compound::trans-2-Hexenyl butyrate,compound::5352461,5352461,unique
compound::trans-2-Nonen-1-ol,compound::5364941,5364941,unique
compound::trans-2-Nonenal,compound::5283335,5283335,unique
compound::trans-2-Octen-1-Ol,compound::5318599,5318599,unique
compound::trans-2-Octenal,compound::5283324,5283324,unique
compound::trans-2-Penten-1-ol,compound::5364920,5364920,unique
compound::trans-2-Pentenal,compound::5364752,5364752,unique
compound::trans-2-Undecen-1-ol,compound::5365004,5365004,unique
compound::trans-3-Hexen-1-ol,compound::5284503,5284503,unique
compound::trans-3-Hexenoic acid,compound::5282708,5282708,unique
compound::trans-Aconitic acid,compound::444212,444212,unique
compound::trans-Anethole,compound::637563,637563,unique
compound::triacetin,compound::5541,5541,unique
compound::tridec-2-enal,compound::62653,62653,unique
compound::trimethylamine,compound::1146,1146,unique
compound::tyramine,compound::5610,5610,unique
compound::valofin,compound::119900,119900,unique
compound::vanillin,compound::1183,1183,unique
